DDI-MedLine.d48.s0|79-99|Clostridium difficile|drug
DDI-MedLine.d48.s1|0-28|Clostridium difficile toxin A|drug_n
DDI-MedLine.d48.s3|0-9|antitoxins|group
DDI-MedLine.d48.s3|105-111|Toxin A|drug
DDI-MedLine.d48.s6|15-35|diethyl pyrocarbonate|drug
DDI-MedLine.d48.s6|58-70|hydroxylamine|drug
DDI-MedLine.d62.s0|54-68|methamphetamine|drug
DDI-MedLine.d62.s1|117-119|IEG|drug
DDI-MedLine.d62.s1|141-155|Methamphetamine|drug
DDI-MedLine.d62.s1|158-161|METH|drug
DDI-MedLine.d62.s3|31-34|METH|drug
DDI-MedLine.d62.s4|46-49|METH|drug
DDI-MedLine.d62.s4|234-242|SCH-23390|drug
DDI-MedLine.d62.s4|279-287|clozapine|drug
DDI-MedLine.d62.s5|62-69|dopamine|drug
DDI-MedLine.d62.s6|183-186|METH|drug
DDI-MedLine.d106.s0|25-32|warfarin|drug
DDI-MedLine.d106.s1|45-57|anticoagulant|drug
DDI-MedLine.d106.s1|75-87|phenobarbital|drug
DDI-MedLine.d106.s1|90-101|secobarbital|drug
DDI-MedLine.d106.s1|104-115|glutethimide|drug
DDI-MedLine.d106.s1|118-132|chloral hydrate|drug
DDI-MedLine.d106.s1|138-149|methaqualone|drug
DDI-MedLine.d106.s1|209-216|coumarin|drug
DDI-MedLine.d106.s2|60-67|warfarin|drug
DDI-MedLine.d106.s4|67-79|phenobarbital|drug
DDI-MedLine.d106.s4|82-93|secobarbital|drug
DDI-MedLine.d106.s4|99-110|glutethimide|drug
DDI-MedLine.d106.s5|81-95|chloral hydrate|drug
DDI-MedLine.d106.s5|101-112|methaqualone|drug
DDI-MedLine.d106.s6|0-11|Barbiturates|group
DDI-MedLine.d106.s6|17-28|glutethimide|drug
DDI-MedLine.d106.s6|79-86|coumarin|drug
DDI-MedLine.d106.s7|22-26|drugs|group
DDI-MedLine.d106.s8|20-31|methaqualone|drug
DDI-MedLine.d106.s8|85-104|anticoagulant agents|group
DDI-MedLine.d106.s9|21-35|chloral hydrate|drug
DDI-MedLine.d106.s9|41-52|methaqualone|drug
DDI-MedLine.d59.s0|77-85|carbachol|drug
DDI-MedLine.d59.s1|86-103|[(14)C]aminopyrine|drug
DDI-MedLine.d59.s2|31-39|carbachol|drug
DDI-MedLine.d59.s2|83-96|dibutyryl cAMP|drug
DDI-MedLine.d59.s3|38-46|carbachol|drug
DDI-MedLine.d59.s4|75-83|carbachol|drug
DDI-MedLine.d59.s5|29-37|carbachol|drug
DDI-MedLine.d59.s6|29-42|cytochalasin D|drug
DDI-MedLine.d59.s7|60-70|cholinergic|drug
DDI-MedLine.d58.s0|10-21|ginsenosides|drug
DDI-MedLine.d58.s1|39-50|ginsenosides|drug
DDI-MedLine.d58.s2|44-55|ginsenosides|drug
DDI-MedLine.d58.s3|44-55|Ginsenosides|drug
DDI-MedLine.d58.s3|175-180|L-type|group
DDI-MedLine.d58.s3|206-211|N-type|group
DDI-MedLine.d58.s3|238-243|P-type|group
DDI-MedLine.d58.s4|22-33|Ginsenosides|drug
DDI-MedLine.d58.s6|28-39|ginsenosides|drug
DDI-MedLine.d58.s7|24-35|ginsenosides|drug
DDI-MedLine.d58.s8|71-82|ginsenosides|drug
DDI-MedLine.d58.s8|171-177|ginseng|drug
DDI-MedLine.d47.s0|12-21|butorin II|drug
DDI-MedLine.d47.s0|53-64|azithromycin|group
DDI-MedLine.d47.s0|70-80|minocycline|group
DDI-MedLine.d47.s0|90-111|Cryptosporidium parvum|drug
DDI-MedLine.d47.s1|46-55|buforin II|drug
DDI-MedLine.d47.s1|87-98|azithromycin|drug
DDI-MedLine.d47.s1|104-114|minocycline|drug
DDI-MedLine.d47.s3|69-80|azithromycin|drug
DDI-MedLine.d47.s3|85-95|minocycline|drug
DDI-MedLine.d47.s4|39-53|Cryptosporidium|drug
DDI-MedLine.d47.s4|107-118|azithromycin|drug
DDI-MedLine.d65.s1|32-37|agents|drug
DDI-MedLine.d65.s2|25-28|drug|drug
DDI-MedLine.d65.s3|94-97|drug|drug
DDI-MedLine.d65.s4|97-100|drug|drug
DDI-MedLine.d65.s4|128-131|drug|drug
DDI-MedLine.d65.s5|127-141|necessary drugs|drug
DDI-MedLine.d74.s0|13-20|arginine|drug
DDI-MedLine.d74.s1|33-38|Cinese|drug
DDI-MedLine.d74.s1|75-81|insulin|drug
DDI-MedLine.d74.s1|119-126|glucagon|drug
DDI-MedLine.d74.s2|57-63|insulin|drug
DDI-MedLine.d74.s2|216-223|arginine|drug
DDI-MedLine.d74.s2|275-286|Theophylline|drug
DDI-MedLine.d74.s3|36-42|insulin|drug
DDI-MedLine.d74.s4|38-49|theophylline|drug
DDI-MedLine.d74.s5|0-7|Arginine|drug
DDI-MedLine.d74.s5|41-52|Theophylline|drug
DDI-MedLine.d74.s6|0-7|Arginine|drug
DDI-MedLine.d74.s6|39-50|Theophylline|drug
DDI-MedLine.d74.s8|12-19|arginine|drug
DDI-MedLine.d74.s8|83-89|insulin|drug
DDI-MedLine.d74.s8|95-102|glucagon|drug
DDI-MedLine.d74.s9|110-117|arginine|drug
DDI-MedLine.d74.s10|36-42|insulin|drug
DDI-MedLine.d74.s11|108-119|Theophylline|drug
DDI-MedLine.d44.s0|11-20|etofibrate|drug
DDI-MedLine.d44.s2|30-39|etofibrate|drug
DDI-MedLine.d44.s2|401-410|etofibrate|drug
DDI-MedLine.d44.s4|39-42|nano|drug
DDI-MedLine.d44.s5|6-15|etofibrate|drug
DDI-MedLine.d44.s6|92-106|3H-triglyceride|drug
DDI-MedLine.d44.s7|52-61|etofibrate|drug
DDI-MedLine.d44.s7|82-91|etofibrate|drug
DDI-MedLine.d44.s8|30-39|etofibrate|drug
DDI-MedLine.d44.s8|126-129|drug|drug
DDI-MedLine.d125.s0|42-48|gliftor|drug
DDI-MedLine.d125.s1|30-48|1,3-difluoroacetone|drug_n
DDI-MedLine.d125.s1|111-117|Gliftor|brand
DDI-MedLine.d125.s1|120-142|1,3-difluoro-2-propanol|drug
DDI-MedLine.d125.s2|41-50|coenzyme A|drug
DDI-MedLine.d125.s3|18-36|1,3-difluoroacetone|drug_n
DDI-MedLine.d125.s4|19-37|1,3-difluoroacetone|drug_n
DDI-MedLine.d125.s4|201-223|1,3-difluoro-2-propanol|drug_n
DDI-MedLine.d125.s5|38-60|1,3-difluoro-2-propanol|drug
DDI-MedLine.d125.s5|65-83|1,3-difluoroacetone|drug
DDI-MedLine.d125.s5|212-234|1,3-difluoro-2-propanol|drug
DDI-MedLine.d125.s6|24-39|4-methylpyrazole|drug
DDI-MedLine.d125.s7|27-42|4-methylpyrazole|drug
DDI-MedLine.d125.s7|96-114|1,3-difluoroacetone|drug
DDI-MedLine.d125.s8|62-77|4-methylpyrazole|drug
DDI-MedLine.d86.s0|57-65|diltiazem|drug
DDI-MedLine.d86.s0|71-79|sirolimus|drug
DDI-MedLine.d86.s1|60-68|sirolimus|drug
DDI-MedLine.d86.s1|156-164|diltiazem|drug
DDI-MedLine.d86.s2|100-104|drugs|drug
DDI-MedLine.d86.s3|157-165|sirolimus|drug
DDI-MedLine.d86.s3|197-205|diltiazem|drug
DDI-MedLine.d86.s5|66-74|sirolimus|drug
DDI-MedLine.d86.s5|253-261|diltiazem|drug
DDI-MedLine.d86.s5|323-331|sirolimus|drug
DDI-MedLine.d86.s6|54-62|sirolimus|drug
DDI-MedLine.d86.s6|111-119|sirolimus|drug
DDI-MedLine.d86.s6|136-144|diltiazem|drug
DDI-MedLine.d86.s7|87-95|diltiazem|drug
DDI-MedLine.d86.s7|183-191|sirolimus|drug
DDI-MedLine.d86.s7|232-240|diltiazem|drug
DDI-MedLine.d86.s8|25-33|diltiazem|drug
DDI-MedLine.d86.s8|68-76|sirolimus|drug
DDI-MedLine.d86.s8|145-153|sirolimus|drug
DDI-MedLine.d86.s9|72-80|sirolimus|drug
DDI-MedLine.d86.s9|82-90|diltiazem|drug
DDI-MedLine.d86.s9|117-125|sirolimus|drug
DDI-MedLine.d1.s0|79-98|Erectile dysfunction|drug
DDI-MedLine.d1.s1|21-55|oral erection-supporting medication|drug
DDI-MedLine.d1.s1|163-192|erection-supporting medication|drug
DDI-MedLine.d1.s2|113-119|ironing|drug
DDI-MedLine.d1.s3|103-117|healthy persons|drug
DDI-MedLine.d1.s4|76-85|sildenafil|drug
DDI-MedLine.d1.s5|48-67|long-acting nitrates|drug
DDI-MedLine.d1.s5|92-112|short-acting nitrates|drug
DDI-MedLine.d1.s6|40-61|beta-receptor blockers|group
DDI-MedLine.d1.s6|64-82|calcium antagonists|group
DDI-MedLine.d1.s6|133-112||group
DDI-MedLine.d1.s7|133-143|sexological|group
DDI-MedLine.d1.s7|146-158|psychological|group
DDI-MedLine.d1.s7|165-171|medical|group
DDI-MedLine.d1.s8|86-99|blood pressure|drug
DDI-MedLine.d1.s8|105-121|blood sugar level|drug
DDI-MedLine.d1.s8|197-203|smoking|drug
DDI-MedLine.d1.s9|93-100|erection|drug
DDI-MedLine.d132.s1|147-164|protease inhibitor|drug
DDI-MedLine.d132.s2|54-55|PI|group
DDI-MedLine.d132.s2|183-186|drug|drug
DDI-MedLine.d132.s3|90-98|efavirenz|drug
DDI-MedLine.d132.s3|101-110|nevirapine|drug
DDI-MedLine.d132.s3|115-125|delavirdine|drug
DDI-MedLine.d132.s4|5-13|efavirenz|drug
DDI-MedLine.d132.s4|19-28|nevirapine|drug
DDI-MedLine.d132.s4|79-87|indinavir|drug
DDI-MedLine.d132.s4|166-175|nevirapine|drug
DDI-MedLine.d132.s4|216-224|efavirenz|drug
DDI-MedLine.d132.s5|38-47|nevirapine|drug
DDI-MedLine.d132.s5|75-84|nelfinavir|drug
DDI-MedLine.d132.s6|72-81|nevirapine|drug
DDI-MedLine.d132.s6|86-96|delavirdine|drug
DDI-MedLine.d132.s8|19-27|efavirenz|drug
DDI-MedLine.d132.s8|34-42|indinavir|drug
DDI-MedLine.d132.s9|118-122|NNRTI|drug
DDI-MedLine.d132.s10|0-20|antiretroviral agents|group
DDI-MedLine.d132.s10|56-64|Efavirenz|brand
DDI-MedLine.d132.s10|129-149|antiretroviral agents|group
DDI-MedLine.d132.s11|20-25|NNRTIs|group
DDI-MedLine.d132.s11|128-138|drug events|drug
DDI-MedLine.d132.s12|36-41|NNRTIs|group
DDI-MedLine.d23.s0|15-22|ketamine|drug
DDI-MedLine.d23.s1|65-72|ketamine|drug
DDI-MedLine.d23.s1|91-103|pentobarbital|drug
DDI-MedLine.d23.s1|227-234|ketamine|drug
DDI-MedLine.d23.s1|261-273|pentobarbital|drug
DDI-MedLine.d23.s2|35-41|ouabain|drug
DDI-MedLine.d23.s2|176-183|fentanyl|drug
DDI-MedLine.d23.s2|200-212|Pentobarbital|drug
DDI-MedLine.d138.s0|20-27|oxytocin|drug
DDI-MedLine.d138.s1|20-27|oxytocin|drug
DDI-MedLine.d138.s1|33-43|vasopressin|drug
DDI-MedLine.d138.s2|44-51|oxytocin|drug
DDI-MedLine.d138.s2|73-83|vasopressin|drug
DDI-MedLine.d138.s3|68-75|hormones|drug
DDI-MedLine.d29.s0|10-19|probenecid|drug
DDI-MedLine.d29.s0|79-89|cloxacillin|drug
DDI-MedLine.d29.s1|13-26|Gibaldi et al.|drug
DDI-MedLine.d29.s2|0-10|Penicillins|group
DDI-MedLine.d29.s2|16-28|Cephaloridine|drug
DDI-MedLine.d29.s2|80-90|Penicillins|group
DDI-MedLine.d29.s2|96-108|Cephaloridine|drug
DDI-MedLine.d29.s2|142-151|probenecid|drug
DDI-MedLine.d29.s3|21-30|probenecid|drug
DDI-MedLine.d29.s3|75-85|cloxacillin|drug
DDI-MedLine.d29.s3|124-134|cloxacillin|drug
DDI-MedLine.d29.s3|274-283|probenecid|drug
DDI-MedLine.d29.s4|93-103|cloxacillin|drug
DDI-MedLine.d29.s4|122-131|probenecid|drug
DDI-MedLine.d29.s7|134-143|probenecid|drug
DDI-MedLine.d29.s8|41-50|probenecid|drug
DDI-MedLine.d29.s8|74-84|cloxacillin|drug
DDI-MedLine.d118.s0|11-50|mammalian target of rapamycin inhibitors|group
DDI-MedLine.d118.s2|148-156|sirolimus|drug
DDI-MedLine.d118.s2|231-242|cyclosporine|drug
DDI-MedLine.d118.s2|247-256|tacrolimus|drug
DDI-MedLine.d118.s3|97-105|sirolimus|drug
DDI-MedLine.d118.s3|128-139|cyclosporine|drug
DDI-MedLine.d118.s3|144-153|tacrolimus|drug
DDI-MedLine.d118.s3|249-260|cyclosporine|drug
DDI-MedLine.d118.s3|265-274|tacrolimus|drug
DDI-MedLine.d185.s0|10-21|ketoconazole|drug
DDI-MedLine.d185.s0|82-93|panobinostat|drug
DDI-MedLine.d185.s0|96-101|LBH589|drug
DDI-MedLine.d185.s1|38-43|CYP3A4|drug
DDI-MedLine.d185.s2|61-72|ketoconazole|drug
DDI-MedLine.d185.s2|113-124|panobinostat|drug
DDI-MedLine.d185.s3|27-38|panobinostat|drug
DDI-MedLine.d185.s4|13-24|ketoconazole|drug
DDI-MedLine.d185.s5|19-30|panobinostat|drug
DDI-MedLine.d185.s5|62-73|ketoconazole|drug
DDI-MedLine.d185.s7|19-30|ketoconazole|drug
DDI-MedLine.d185.s7|92-103|panobinostat|drug
DDI-MedLine.d185.s8|25-25|T|drug
DDI-MedLine.d185.s9|17-28|panobinostat|drug
DDI-MedLine.d185.s12|21-32|panobinostat|drug
DDI-MedLine.d185.s12|96-107|panobinostat|drug
DDI-MedLine.d185.s13|104-115|panobinostat|drug
DDI-MedLine.d185.s13|176-187|panobinostat|drug
DDI-MedLine.d180.s0|31-35|DZNep|drug
DDI-MedLine.d180.s1|25-29|DZNep|drug
DDI-MedLine.d180.s2|42-48|myeloma|drug
DDI-MedLine.d180.s3|24-28|DZNep|drug
DDI-MedLine.d180.s4|40-44|ALOX5|drug
DDI-MedLine.d180.s6|32-36|ALOX5|drug
DDI-MedLine.d180.s6|119-123|DZNep|drug
DDI-MedLine.d180.s7|22-26|ALOX5|drug
DDI-MedLine.d180.s7|51-55|DZNep|drug
DDI-MedLine.d180.s8|32-36|ALOX5|drug
DDI-MedLine.d180.s9|57-61|ALOX5|drug
DDI-MedLine.d180.s10|19-23|Bcl-2|drug
DDI-MedLine.d180.s10|46-50|DZNep|drug
DDI-MedLine.d180.s10|92-96|DZNep|drug
DDI-MedLine.d180.s10|102-108|ABT-737|drug
DDI-MedLine.d180.s10|113-117|Bcl-2|drug
DDI-MedLine.d180.s10|195-199|DZNep|drug
DDI-MedLine.d180.s11|58-62|DZNep|drug
DDI-MedLine.d180.s11|128-132|Alox5|drug
DDI-MedLine.d180.s12|13-17|DZNep|drug
DDI-MedLine.d180.s12|106-112|ABT-737|drug
DDI-MedLine.d180.s12|118-122|DZNep|drug
DDI-MedLine.d180.s13|27-31|DZNep|drug
DDI-MedLine.d181.s0|45-28||drug
DDI-MedLine.d181.s0|71-44||drug
DDI-MedLine.d181.s1|9-15|Infacol|brand
DDI-MedLine.d181.s2|25-34|simeticone|drug
DDI-MedLine.d181.s3|3-6|drug|drug
DDI-MedLine.d181.s3|26-35|simeticone|drug
DDI-MedLine.d181.s4|85-97|levothyroxine|drug
DDI-MedLine.d181.s4|148-157|simiticone|drug
DDI-MedLine.d181.s5|17-29|levothyroxine|drug
DDI-MedLine.d181.s6|42-48|Infacol|drug
DDI-MedLine.d181.s6|78-90|levothyroxine|drug
DDI-MedLine.d181.s7|50-52|TSH|drug
DDI-MedLine.d181.s7|94-102|thyroxine|drug
DDI-MedLine.d181.s8|20-28|thyroxine|drug
DDI-MedLine.d181.s8|35-44|simeticone|drug
DDI-MedLine.d169.s0|43-46|iron|drug
DDI-MedLine.d169.s1|100-103|iron|drug
DDI-MedLine.d169.s2|28-34|calcium|drug
DDI-MedLine.d169.s2|46-49|iron|drug
DDI-MedLine.d169.s2|123-129|calcium|drug
DDI-MedLine.d169.s3|52-58|calcium|drug
DDI-MedLine.d169.s4|72-75|iron|drug
DDI-MedLine.d169.s4|102-105|iron|drug
DDI-MedLine.d169.s5|28-34|calcium|drug
DDI-MedLine.d169.s5|102-116|ferrous sulfate|drug
DDI-MedLine.d169.s6|33-39|calcium|drug
DDI-MedLine.d169.s6|97-100|iron|drug
DDI-MedLine.d169.s7|28-43|calcium chloride|drug
DDI-MedLine.d169.s9|2-8|calcium|group
DDI-MedLine.d169.s10|53-59|calcium|drug
DDI-MedLine.d169.s11|115-121|calcium|drug
DDI-MedLine.d179.s0|32-40|sunitinib|drug
DDI-MedLine.d179.s0|46-54|docetaxel|drug
DDI-MedLine.d179.s0|114-141|EGFR TKIs-resistant mutation|drug
DDI-MedLine.d179.s1|40-48|sunitinib|drug
DDI-MedLine.d179.s1|115-119|NSCLC|drug
DDI-MedLine.d179.s2|66-74|sunitinib|drug
DDI-MedLine.d179.s2|131-139|sunitinib|drug
DDI-MedLine.d179.s2|145-153|docetaxel|drug
DDI-MedLine.d179.s3|22-25|EGFR|drug
DDI-MedLine.d179.s3|46-50|K-ras|drug
DDI-MedLine.d179.s3|84-92|sunitinib|drug
DDI-MedLine.d179.s3|97-105|docetaxel|drug
DDI-MedLine.d179.s5|118-126|docetaxel|drug
DDI-MedLine.d179.s6|37-45|sunitinib|drug
DDI-MedLine.d179.s6|51-59|docetaxel|drug
DDI-MedLine.d179.s7|27-35|docetaxel|drug
DDI-MedLine.d179.s7|49-57|sunitinib|drug
DDI-MedLine.d179.s8|102-110|docetaxel|drug
DDI-MedLine.d179.s8|179-187|sunitinib|drug
DDI-MedLine.d179.s10|98-101|EGFR|drug
DDI-MedLine.d179.s10|166-174|docetaxel|drug
DDI-MedLine.d179.s10|235-243|docetaxel|drug
DDI-MedLine.d159.s0|21-38|acetyl-l-carnitine|drug
DDI-MedLine.d159.s0|45-61|alpha lipoic acid|drug
DDI-MedLine.d159.s1|61-81|1,2:3,4-diepoxybutane|drug_n
DDI-MedLine.d159.s1|124-137|Fanconi Anemia|drug
DDI-MedLine.d159.s2|142-144|DEB|drug
DDI-MedLine.d159.s3|84-86|DEB|drug
DDI-MedLine.d159.s4|58-69|antioxidants|drug
DDI-MedLine.d159.s4|76-106|mitochondrial protective agents|drug
DDI-MedLine.d159.s5|161-163|DEB|drug
DDI-MedLine.d159.s6|5-22|acetyl-l-carnitine|drug
DDI-MedLine.d159.s6|114-130|alpha-lipoic acid|drug
DDI-MedLine.d159.s7|69-71|DEB|drug
DDI-MedLine.d159.s7|236-238|DEB|drug
DDI-MedLine.d164.s0|19-27|herceptin|drug
DDI-MedLine.d164.s0|112-115|HER2|drug
DDI-MedLine.d164.s1|41-49|lapatinib|drug
DDI-MedLine.d164.s1|65-73|Herceptin|drug
DDI-MedLine.d164.s1|133-141|lapatinib|drug
DDI-MedLine.d164.s1|167-175|Herceptin|drug
DDI-MedLine.d164.s2|17-25|lapatinib|drug
DDI-MedLine.d164.s2|42-50|Herceptin|drug
DDI-MedLine.d164.s2|111-119|Herceptin|drug
DDI-MedLine.d164.s3|22-30|lapatinib|drug
DDI-MedLine.d164.s3|149-157|Herceptin|brand
DDI-MedLine.d164.s4|56-64|Herceptin|drug
DDI-MedLine.d164.s5|44-52|Herceptin|drug
DDI-MedLine.d164.s5|68-76|Herceptin|drug
DDI-MedLine.d193.s0|35-45|clopidogrel|drug
DDI-MedLine.d193.s0|48-53|Plavix|drug
DDI-MedLine.d193.s1|21-30|ticagrelor|drug
DDI-MedLine.d193.s1|101-107|aspirin|brand
DDI-MedLine.d193.s2|21-31|clopidogrel|drug
DDI-MedLine.d193.s2|33-38|Plavix|brand
DDI-MedLine.d193.s2|45-53|prasugrel|drug
DDI-MedLine.d193.s2|55-61|Effient|brand
DDI-MedLine.d43.s1|105-119|chemical agents|drug
DDI-MedLine.d43.s2|101-117|genetic apparatus|drug
DDI-MedLine.d43.s5|79-88|carcinogen|drug
DDI-MedLine.d43.s6|100-110|nitrosamine|drug
DDI-MedLine.d43.s7|175-187|phenobarbital|drug
DDI-MedLine.d43.s8|91-98|C57BL/6N|drug
DDI-MedLine.d43.s8|102-108|C3H/HeN|drug
DDI-MedLine.d43.s9|84-102|chemical carcinogen|drug
DDI-MedLine.d43.s10|228-236|malignant|drug
DDI-MedLine.d43.s11|118-122|tumor|drug
DDI-MedLine.d100.s0|13-36|calcium-channel blockers|group
DDI-MedLine.d100.s1|51-66|arachidonic acid|drug
DDI-MedLine.d100.s3|11-26|arachidonic acid|drug
DDI-MedLine.d100.s3|119-132|thromboxane A2|drug
DDI-MedLine.d100.s5|39-47|verapamil|drug
DDI-MedLine.d100.s5|50-58|diltiazem|drug
DDI-MedLine.d100.s5|65-74|nifedipine|drug
DDI-MedLine.d100.s6|78-91|thromboxane A2|drug
DDI-MedLine.d100.s7|35-50|calcium blockers|group
DDI-MedLine.d100.s7|119-130|prostacyclin|drug
DDI-MedLine.d100.s8|17-32|calcium blockers|drug
DDI-MedLine.d73.s0|52-95|1-methyl-4-phenyl-1,2,5,6-tetrahydropyridine|drug_n
DDI-MedLine.d73.s0|108-122|methamphetamine|drug_n
DDI-MedLine.d73.s1|56-59|MPTP|drug
DDI-MedLine.d73.s1|144-158|methamphetamine|drug
DDI-MedLine.d73.s2|21-24|MPTP|drug
DDI-MedLine.d73.s2|143-151|pargyline|drug
DDI-MedLine.d73.s3|4-7|MPTP|drug
DDI-MedLine.d73.s3|83-93|amphetamine|drug
DDI-MedLine.d73.s3|147-157|apomorphine|drug
DDI-MedLine.d73.s4|22-25|MPTP|drug
DDI-MedLine.d73.s4|107-115|pargyline|drug
DDI-MedLine.d73.s5|110-118|pargyline|drug
DDI-MedLine.d73.s5|137-155|Parkinson's Disease|drug
DDI-MedLine.d31.s4|49-57|neoplasia|drug
DDI-MedLine.d31.s5|84-87|drug|drug
DDI-DrugBank.d449.s0|23-39|antifungal agents|group
DDI-DrugBank.d449.s0|49-60|ketoconazole|drug
DDI-DrugBank.d449.s0|65-76|itraconazole|drug
DDI-DrugBank.d449.s1|12-22|fluvoxamine|drug
DDI-DrugBank.d449.s1|25-34|cimetidine|drug
DDI-DrugBank.d449.s1|46-50|Xanax|brand
DDI-DrugBank.d449.s2|0-9|Fluoxetine|brand
DDI-DrugBank.d449.s2|17-26|sertraline|drug
DDI-DrugBank.d449.s2|29-37|diltiazem|drug
DDI-DrugBank.d449.s2|63-73|antibiotics|drug
DDI-DrugBank.d8.s0|106-112|ALFENTA|drug
DDI-DrugBank.d8.s0|180-191|barbiturates|group
DDI-DrugBank.d8.s0|194-206|tranquilizers|group
DDI-DrugBank.d8.s0|209-215|opioids|group
DDI-DrugBank.d8.s2|61-66|agents|drug
DDI-DrugBank.d8.s3|160-166|ALFENTA|drug
DDI-DrugBank.d8.s3|219-225|ALFENTA|drug
DDI-DrugBank.d8.s3|253-259|ALFENTA|drug
DDI-DrugBank.d8.s4|36-42|ALFENTA|brand
DDI-DrugBank.d8.s5|18-24|ALFENTA|brand
DDI-DrugBank.d8.s5|109-115|ALFENTA|brand
DDI-DrugBank.d8.s6|32-36|drugs|drug
DDI-DrugBank.d416.s0|32-34|PAH|drug
DDI-DrugBank.d416.s0|103-114|sulfonamides|drug
DDI-DrugBank.d416.s0|117-124|procaine|drug
DDI-DrugBank.d416.s0|130-144|thiazolesulfone|drug
DDI-DrugBank.d416.s2|69-71|PAH|drug
DDI-DrugBank.d416.s3|30-39|probenecid|drug
DDI-DrugBank.d416.s3|79-81|PAH|drug
DDI-DrugBank.d22.s0|47-53|digoxin|drug
DDI-DrugBank.d22.s0|56-62|Lanoxin|brand
DDI-DrugBank.d22.s0|65-74|Lanoxicaps|brand
DDI-DrugBank.d22.s1|32-38|digoxin|drug
DDI-DrugBank.d22.s1|53-71|aminosalicylic acid|drug
DDI-DrugBank.d22.s1|90-96|digoxin|drug
DDI-DrugBank.d22.s2|56-66|Vitamin B12|drug
DDI-DrugBank.d22.s3|41-43|B12|drug
DDI-DrugBank.d22.s3|69-87|aminosalicylic acid|drug
DDI-DrugBank.d318.s0|46-66|antineoplastic agents|group
DDI-DrugBank.d318.s0|86-99|amphotericin B|drug
DDI-DrugBank.d318.s1|30-45|nitrogen mustard|drug
DDI-DrugBank.d318.s2|57-70|amphotericin B|drug
DDI-DrugBank.d318.s3|66-79|amphotericin B|drug
DDI-DrugBank.d318.s5|22-35|amphotericin B|drug
DDI-DrugBank.d318.s5|72-80|digitalis|drug
DDI-DrugBank.d318.s7|51-64|amphotericin B|drug
DDI-DrugBank.d318.s8|19-30|ketoconazole|drug
DDI-DrugBank.d318.s8|33-42|miconazole|drug
DDI-DrugBank.d318.s8|45-56|clotrimazole|drug
DDI-DrugBank.d318.s8|59-69|fluconazole|drug
DDI-DrugBank.d318.s8|131-144|amphotericin B|drug
DDI-DrugBank.d318.s8|217-230|amphotericin B|drug
DDI-DrugBank.d318.s10|31-45|aminoglycosides|group
DDI-DrugBank.d318.s10|48-59|cyclosporine|drug
DDI-DrugBank.d318.s10|66-76|pentamidine|drug
DDI-DrugBank.d318.s11|95-105|nephrotoxic|drug
DDI-DrugBank.d318.s12|27-40|amphotericin B|drug
DDI-DrugBank.d318.s12|132-143|tubocurarine|drug
DDI-DrugBank.d318.s14|89-102|amphotericin B|drug
DDI-DrugBank.d357.s0|90-100|apomorphine|drug
DDI-DrugBank.d357.s0|124-134|ondansetron|drug
DDI-DrugBank.d357.s0|160-170|apomorphine|drug
DDI-DrugBank.d357.s0|237-247|ondansetron|drug
DDI-DrugBank.d357.s0|250-260|granisetron|drug
DDI-DrugBank.d357.s0|263-272|dolasetron|drug
DDI-DrugBank.d357.s0|275-286|palonosetron|drug
DDI-DrugBank.d357.s0|293-301|alosetron|drug
DDI-DrugBank.d357.s2|86-96|hypotension|drug
DDI-DrugBank.d357.s3|28-38|apomorphine|drug
DDI-DrugBank.d357.s3|131-144|phenothiazines|group
DDI-DrugBank.d357.s3|147-161|butoyrophenones|group
DDI-DrugBank.d357.s3|164-176|thioxanthenes|group
DDI-DrugBank.d357.s3|182-195|metoclopramide|drug
DDI-DrugBank.d357.s4|54-65|neuroleptics|drug
DDI-DrugBank.d357.s4|91-107|dopamine agonists|drug
DDI-DrugBank.d357.s5|0-4|Drugs|group
DDI-DrugBank.d357.s5|126-130|drugs|group
DDI-DrugBank.d357.s6|0-14|Laboratory Test|drug
DDI-DrugBank.d357.s6|32-46|Laboratory Test|drug
DDI-DrugBank.d357.s6|130-135|APOKYN|drug
DDI-DrugBank.d357.s6|181-195|ketoacid levels|drug
DDI-DrugBank.d357.s6|234-246|D-Phenylanine|drug
DDI-DrugBank.d253.s0|74-83|arbutamine|drug
DDI-DrugBank.d253.s1|91-100|arbutamine|drug
DDI-DrugBank.d253.s2|23-29|class I|group
DDI-DrugBank.d253.s2|32-41|flecainide|drug
DDI-DrugBank.d253.s2|44-52|lidocaine|drug
DDI-DrugBank.d253.s2|58-66|quinidine|drug
DDI-DrugBank.d253.s2|90-99|arbutamine|brand
DDI-DrugBank.d253.s3|17-25|tricyclic|drug
DDI-DrugBank.d253.s3|29-36|atropine|drug
DDI-DrugBank.d253.s3|74-82|digitalis|drug
DDI-DrugBank.d253.s3|116-125|arbutamine|drug
DDI-DrugBank.d105.s0|25-44|coumarin derivatives|group
DDI-DrugBank.d105.s0|47-68|indandione derivatives|group
DDI-DrugBank.d105.s0|153-158|NSAIDs|group
DDI-DrugBank.d105.s0|166-172|aspirin|brand
DDI-DrugBank.d105.s0|245-253|ardeparin|drug
DDI-DrugBank.d509.s0|0-21|Drug-Drug Interactions|drug
DDI-DrugBank.d509.s0|56-67|aripiprazole|drug
DDI-DrugBank.d509.s0|98-104|ABILIFY|brand
DDI-DrugBank.d509.s2|0-11|aripiprazole|drug
DDI-DrugBank.d509.s2|64-86|antihypertensive agents|group
DDI-DrugBank.d509.s3|36-42|ABILIFY|drug
DDI-DrugBank.d509.s5|37-48|aripiprazole|drug
DDI-DrugBank.d509.s5|119-125|smoking|brand
DDI-DrugBank.d509.s6|5-10|CYP3A4|drug
DDI-DrugBank.d509.s6|16-21|CYP2D6|drug
DDI-DrugBank.d509.s6|43-54|aripiprazole|drug
DDI-DrugBank.d509.s7|19-24|CYP3A4|drug
DDI-DrugBank.d509.s7|27-41|anticonvulsants|group
DDI-DrugBank.d509.s7|92-103|aripiprazole|drug
DDI-DrugBank.d509.s8|14-19|CYP3A4|drug
DDI-DrugBank.d509.s8|26-37|ketoconazole|drug
DDI-DrugBank.d509.s8|43-48|CYP2D6|drug
DDI-DrugBank.d509.s8|55-63|quinidine|drug
DDI-DrugBank.d509.s8|66-75|fluoxetine|drug
DDI-DrugBank.d509.s8|81-90|paroxetine|drug
DDI-DrugBank.d509.s9|34-45|ketoconazole|drug
DDI-DrugBank.d509.s9|100-111|aripiprazole|drug
DDI-DrugBank.d509.s9|134-145|aripiprazole|drug
DDI-DrugBank.d509.s10|23-34|ketoconazole|drug
DDI-DrugBank.d509.s11|35-46|ketoconazole|drug
DDI-DrugBank.d509.s11|53-64|aripiprazole|drug
DDI-DrugBank.d509.s11|74-85|aripiprazole|drug
DDI-DrugBank.d509.s12|35-46|itraconazole|drug
DDI-DrugBank.d509.s13|19-28|macrolides|group
DDI-DrugBank.d509.s13|31-46|grapefruit juice|drug
DDI-DrugBank.d509.s14|9-14|CYP3A4|drug
DDI-DrugBank.d509.s15|56-67|aripiprazole|drug
DDI-DrugBank.d509.s15|74-82|quinidine|drug
DDI-DrugBank.d509.s15|238-249|aripiprazole|drug
DDI-DrugBank.d509.s16|102-110|quinidine|drug
DDI-DrugBank.d509.s16|117-128|aripiprazole|drug
DDI-DrugBank.d509.s17|48-57|fluoxetine|drug
DDI-DrugBank.d509.s17|62-71|paroxetine|drug
DDI-DrugBank.d509.s18|9-14|CYP2D6|drug
DDI-DrugBank.d509.s18|69-80|aripiprazole|drug
DDI-DrugBank.d509.s19|35-47|carbamazepine|drug
DDI-DrugBank.d509.s19|93-104|aripiprazole|drug
DDI-DrugBank.d509.s19|188-199|aripiprazole|drug
DDI-DrugBank.d509.s19|236-247|aripiprazole|drug
DDI-DrugBank.d509.s20|5-17|carbamazepine|drug
DDI-DrugBank.d509.s20|31-42|aripiprazole|drug
DDI-DrugBank.d509.s20|53-64|aripiprazole|drug
DDI-DrugBank.d509.s21|45-71|Laboratory Test Interaction|drug
DDI-DrugBank.d509.s22|5-17|carbamazepine|drug
DDI-DrugBank.d509.s22|62-73|aripiprazole|drug
DDI-DrugBank.d509.s23|36-45|famotidine|drug
DDI-DrugBank.d509.s23|48-56|valproate|drug
DDI-DrugBank.d509.s23|62-68|Lithium|drug
DDI-DrugBank.d509.s23|106-117|aripiprazole|drug
DDI-DrugBank.d509.s24|14-20|ABILIFY|drug
DDI-DrugBank.d509.s24|44-55|Aripiprazole|drug
DDI-DrugBank.d509.s25|46-57|aripiprazole|drug
DDI-DrugBank.d509.s25|102-107|CYP2D6|drug
DDI-DrugBank.d509.s25|110-125|dextromethorphan|drug
DDI-DrugBank.d509.s25|129-134|CYP2C9|drug
DDI-DrugBank.d509.s25|137-144|warfarin|drug
DDI-DrugBank.d509.s25|148-154|CYP2C19|drug
DDI-DrugBank.d509.s25|157-166|omeprazole|drug
DDI-DrugBank.d509.s25|169-176|warfarin|drug
DDI-DrugBank.d509.s25|184-189|CYP3A4|drug
DDI-DrugBank.d509.s25|192-207|dextromethorphan|drug
DDI-DrugBank.d509.s26|0-11|aripiprazole|drug
DDI-DrugBank.d509.s26|17-35|dehydroaripiprazole|drug
DDI-DrugBank.d509.s27|53-64|aripiprazole|drug
DDI-DrugBank.d509.s27|86-92|ethanol|drug
DDI-DrugBank.d509.s27|126-132|ethanol|drug
DDI-DrugBank.d509.s28|75-81|alcohol|drug
DDI-DrugBank.d509.s28|96-102|ABILIFY|brand
DDI-DrugBank.d109.s0|27-36|Macrolides|group
DDI-DrugBank.d109.s0|49-60|Erythromycin|drug
DDI-DrugBank.d73.s0|24-28|drugs|group
DDI-DrugBank.d73.s0|37-44|Resperin|brand
DDI-DrugBank.d73.s0|105-110|agents|group
DDI-DrugBank.d73.s1|22-29|TENORMIN|brand
DDI-DrugBank.d73.s2|74-81|TENORMIN|group
DDI-DrugBank.d73.s3|89-97|clonidine|drug
DDI-DrugBank.d73.s4|120-128|clonidine|drug
DDI-DrugBank.d73.s5|13-21|clonidine|drug
DDI-DrugBank.d73.s5|123-131|clonidine|drug
DDI-DrugBank.d73.s6|19-51|prostaglandin synthase inhibitors|group
DDI-DrugBank.d73.s6|58-69|indomethacin|drug
DDI-DrugBank.d73.s6|112-124|beta blockers|drug
DDI-DrugBank.d73.s7|35-42|atenolol|drug
DDI-DrugBank.d73.s7|48-54|aspirin|drug
DDI-DrugBank.d73.s8|106-112|aspirin|drug
DDI-DrugBank.d73.s9|13-25|beta blockers|drug
DDI-DrugBank.d73.s10|56-66|epinephrine|drug
DDI-DrugBank.d489.s0|14-18|drugs|drug
DDI-DrugBank.d489.s0|145-163|hydrochlorothiazide|drug
DDI-DrugBank.d489.s1|30-36|Kerlone|drug
DDI-DrugBank.d489.s1|66-73|warfarin|drug
DDI-DrugBank.d489.s1|136-143|warfarin|drug
DDI-DrugBank.d489.s2|24-28|drugs|drug
DDI-DrugBank.d489.s2|37-45|reserpine|drug
DDI-DrugBank.d489.s3|24-38|beta-adrenergic|drug
DDI-DrugBank.d489.s3|71-83|catecholamine|drug
DDI-DrugBank.d489.s4|66-78|beta-blockers|drug
DDI-DrugBank.d489.s4|84-92|clonidine|drug
DDI-DrugBank.d489.s4|112-123|beta-blocker|drug
DDI-DrugBank.d489.s4|206-214|clonidine|drug
DDI-DrugBank.d489.s5|37-55|calcium antagonists|drug
DDI-DrugBank.d489.s5|89-119|beta-adrenergic blocking agents|drug
DDI-DrugBank.d489.s6|116-146|beta-adrenergic blocking agents|drug
DDI-DrugBank.d489.s6|161-178|calcium antagonist|drug
DDI-DrugBank.d489.s7|104-113|nifedipine|drug
DDI-DrugBank.d489.s7|249-257|verapamil|drug
DDI-DrugBank.d489.s7|262-270|diltiazem|drug
DDI-DrugBank.d489.s8|69-81|beta-blockers|drug
DDI-DrugBank.d489.s8|156-168|beta-blockers|drug
DDI-DrugBank.d489.s9|175-187|beta-blockers|drug
DDI-DrugBank.d489.s10|56-66|epinephrine|drug
DDI-DrugBank.d497.s0|0-28|carbonic anhydrase inhibitors|group
DDI-DrugBank.d497.s0|138-149|Brinzolamide|brand
DDI-DrugBank.d497.s0|203-230|carbonic anhydrase inhibitor|group
DDI-DrugBank.d497.s1|84-95|brinzolamide|drug
DDI-DrugBank.d497.s2|34-67|oral carbonic anhydrase inhibitors|group
DDI-DrugBank.d497.s2|135-144|salicylate|drug
DDI-DrugBank.d497.s3|34-37|drug|drug
DDI-DrugBank.d497.s3|94-98|AZOPT|brand
DDI-DrugBank.d497.s3|101-112|brinzolamide|drug
DDI-DrugBank.d153.s0|60-70|epinephrine|drug
DDI-DrugBank.d153.s0|75-88|norepinephrine|drug
DDI-DrugBank.d153.s3|29-39|vasopressor|drug
DDI-DrugBank.d153.s4|78-88|epinephrine|drug
DDI-DrugBank.d213.s0|51-61|Carbimazole|drug
DDI-DrugBank.d213.s0|116-126|Carbimazole|drug
DDI-DrugBank.d213.s1|23-29|digoxin|drug
DDI-DrugBank.d213.s1|35-43|digitoxin|drug
DDI-DrugBank.d213.s1|77-94|antithyroid agents|group
DDI-DrugBank.d213.s2|63-71|euthyroid|drug
DDI-DrugBank.d213.s3|52-62|Sodium I131|drug
DDI-DrugBank.d213.s3|135-145|Carbimazole|brand
DDI-DrugBank.d213.s4|22-35|anticoagulants|group
DDI-DrugBank.d213.s5|55-68|anticoagulants|group
DDI-DrugBank.d520.s0|65-75|Carboplatin|drug
DDI-DrugBank.d269.s1|21-31|debrisoquin|drug
DDI-DrugBank.d269.s1|50-59|carvedilol|drug
DDI-DrugBank.d269.s1|103-111|quinidine|drug
DDI-DrugBank.d269.s1|114-123|fluoxetine|drug
DDI-DrugBank.d269.s1|126-135|paroxetine|drug
DDI-DrugBank.d269.s1|142-152|propafenone|drug
DDI-DrugBank.d269.s1|263-272|carvedilol|drug
DDI-DrugBank.d269.s2|75-90|2D6 metabolizers|drug
DDI-DrugBank.d269.s3|93-96|drug|drug
DDI-DrugBank.d269.s4|41-49|clonidine|drug
DDI-DrugBank.d269.s4|71-78|blocking|drug
DDI-DrugBank.d269.s5|44-56|beta-blocking|group
DDI-DrugBank.d269.s5|73-81|clonidine|drug
DDI-DrugBank.d269.s5|108-120|beta-blocking|group
DDI-DrugBank.d269.s6|90-95|dosage|drug
DDI-DrugBank.d269.s7|46-57|cyclosporine|drug
DDI-DrugBank.d269.s7|112-121|carvedilol|brand
DDI-DrugBank.d269.s8|38-49|cyclosporine|drug
DDI-DrugBank.d269.s8|90-101|cyclosporine|drug
DDI-DrugBank.d269.s9|42-53|cyclosporine|drug
DDI-DrugBank.d269.s10|96-107|cyclosporine|drug
DDI-DrugBank.d269.s10|165-174|carvedilol|drug
DDI-DrugBank.d269.s10|205-216|cyclosporine|drug
DDI-DrugBank.d269.s11|9-15|Digoxin|drug
DDI-DrugBank.d269.s11|64-70|Digoxin|drug
DDI-DrugBank.d269.s11|76-85|Carvedilol|brand
DDI-DrugBank.d269.s12|5-11|digoxin|drug
DDI-DrugBank.d269.s13|35-41|digoxin|drug
DDI-DrugBank.d269.s13|103-107|COREG|drug
DDI-DrugBank.d269.s14|47-54|Rifampin|drug
DDI-DrugBank.d269.s14|89-98|carvedilol|drug
DDI-DrugBank.d269.s15|11-20|Fosinopril|drug
DDI-DrugBank.d269.s16|128-132|COREG|drug
DDI-DrugBank.d269.s16|158-166|diltiazem|drug
DDI-DrugBank.d269.s17|26-38|beta-blocking|group
DDI-DrugBank.d269.s17|55-59|COREG|drug
DDI-DrugBank.d269.s17|95-118|calcium channel blockers|group
DDI-DrugBank.d269.s18|46-53|blocking|drug
DDI-DrugBank.d269.s18|113-119|insulin|drug
DDI-DrugBank.d269.s18|130-142|hypoglycemics|drug
DDI-DrugBank.d269.s19|30-36|insulin|drug
DDI-DrugBank.d269.s19|41-58|oral hypoglycemics|drug
DDI-DrugBank.d339.s0|0-12|Carbamazepine|drug
DDI-DrugBank.d339.s0|24-36|carbamazepine|drug
DDI-DrugBank.d339.s1|33-45|carbamazepine|drug
DDI-DrugBank.d339.s1|107-119|carbamazepine|drug
DDI-DrugBank.d339.s2|115-122|cefixime|drug
DDI-DrugBank.d339.s3|34-46|Nitroprusside|drug
DDI-DrugBank.d339.s3|73-89|Nitroferricyanide|drug
DDI-DrugBank.d339.s4|22-27|SUPRAX|brand
DDI-DrugBank.d339.s5|91-99|Clinistix|brand
DDI-DrugBank.d339.s5|108-115|Tes-Tape|brand
DDI-DrugBank.d339.s6|76-88|cephalosporin|group
DDI-DrugBank.d339.s7|51-56|Coombs|drug
DDI-DrugBank.d339.s7|81-84|drug|drug
DDI-DrugBank.d172.s0|49-57|celecoxib|drug
DDI-DrugBank.d172.s1|0-8|Celecoxib|drug
DDI-DrugBank.d172.s2|21-29|celecoxib|drug
DDI-DrugBank.d172.s3|31-39|celecoxib|drug
DDI-DrugBank.d172.s4|36-44|celecoxib|drug
DDI-DrugBank.d172.s5|47-50|drug|drug
DDI-DrugBank.d172.s6|22-30|celecoxib|drug
DDI-DrugBank.d172.s6|90-100|fluconazole|drug
DDI-DrugBank.d172.s6|106-112|Lithium|drug
DDI-DrugBank.d172.s7|16-51|nonsteroidal anti-inflammatory drugs|drug
DDI-DrugBank.d172.s7|107-116|furosemide|drug
DDI-DrugBank.d172.s7|122-135|ACE inhibitors|drug
DDI-DrugBank.d172.s8|12-20|celecoxib|drug
DDI-DrugBank.d172.s8|73-81|glyburide|drug
DDI-DrugBank.d172.s9|0-22|Antihypertensive agents|group
DDI-DrugBank.d172.s9|28-56|Angiotensin Converting Enzyme|drug
DDI-DrugBank.d172.s9|148-161|ACE inhibitors|group
DDI-DrugBank.d172.s10|66-73|CELEBREX|brand
DDI-DrugBank.d172.s10|94-107|ACE-inhibitors|group
DDI-DrugBank.d172.s11|130-139|Furosemide|drug
DDI-DrugBank.d172.s12|57-69|prostaglandin|drug
DDI-DrugBank.d172.s13|0-6|Aspirin|group
DDI-DrugBank.d172.s13|9-16|CELEBREX|brand
DDI-DrugBank.d172.s13|44-50|aspirin|drug
DDI-DrugBank.d172.s14|39-45|aspirin|drug
DDI-DrugBank.d172.s14|52-59|CELEBREX|group
DDI-DrugBank.d172.s14|153-160|CELEBREX|group
DDI-DrugBank.d172.s15|41-48|CELEBREX|drug
DDI-DrugBank.d172.s15|74-80|aspirin|drug
DDI-DrugBank.d172.s16|43-53|fluconazole|drug
DDI-DrugBank.d172.s16|103-111|celecoxib|drug
DDI-DrugBank.d172.s17|42-50|celecoxib|drug
DDI-DrugBank.d172.s18|83-93|fluconazole|drug
DDI-DrugBank.d172.s19|69-75|Lithium|drug
DDI-DrugBank.d172.s19|141-147|Lithium|drug
DDI-DrugBank.d172.s19|219-225|Lithium|drug
DDI-DrugBank.d172.s20|12-18|Lithium|drug
DDI-DrugBank.d172.s20|63-70|Celebrex|brand
DDI-DrugBank.d172.s21|78-89|Methotrexate|drug
DDI-DrugBank.d172.s21|162-173|Methotrexate|drug
DDI-DrugBank.d172.s22|24-32|celecoxib|drug
DDI-DrugBank.d172.s22|66-73|warfarin|drug
DDI-DrugBank.d172.s22|153-160|warfarin|drug
DDI-DrugBank.d172.s23|19-27|celecoxib|drug
DDI-DrugBank.d172.s23|71-78|warfarin|drug
DDI-DrugBank.d172.s24|51-58|CELEBREX|drug
DDI-DrugBank.d172.s24|65-72|warfarin|drug
DDI-DrugBank.d141.s0|50-55|Niacin|drug
DDI-DrugBank.d141.s0|58-71|Nicotinic Acid|drug
DDI-DrugBank.d141.s0|74-85|Erythromycin|drug
DDI-DrugBank.d141.s0|88-104|Azole Antifungals|drug
DDI-DrugBank.d141.s1|0-6|ANTACID|group
DDI-DrugBank.d141.s1|40-51|Cerivastatin|drug
DDI-DrugBank.d141.s2|12-23|Cerivastatin|drug
DDI-DrugBank.d141.s2|89-98|cimetidine|drug
DDI-DrugBank.d141.s3|37-63|bile-acidsequestering agent|drug
DDI-DrugBank.d141.s3|107-118|cerivastatin|drug
DDI-DrugBank.d141.s4|57-68|cerivastatin|drug
DDI-DrugBank.d141.s4|189-200|cerivastatin|drug
DDI-DrugBank.d141.s5|53-66|cholestyramine|drug
DDI-DrugBank.d141.s5|110-120|cervastatin|drug
DDI-DrugBank.d141.s5|209-219|cervastatin|drug
DDI-DrugBank.d141.s5|302-312|cervastatin|drug
DDI-DrugBank.d141.s6|58-68|cervastatin|drug
DDI-DrugBank.d141.s6|98-111|cholestyramine|drug
DDI-DrugBank.d141.s6|212-222|cervastatin|drug
DDI-DrugBank.d141.s7|9-14|Plasma|drug
DDI-DrugBank.d141.s7|16-22|DIGOXIN|drug
DDI-DrugBank.d141.s7|35-41|DIGOXIN|drug
DDI-DrugBank.d141.s7|118-129|Cerivastatin|drug
DDI-DrugBank.d141.s8|82-88|digoxin|drug
DDI-DrugBank.d141.s9|32-39|warfarin|drug
DDI-DrugBank.d141.s9|45-56|cerivastatin|drug
DDI-DrugBank.d141.s9|191-198|warfarin|drug
DDI-DrugBank.d141.s10|52-59|warfarin|drug
DDI-DrugBank.d141.s10|108-126|cerivastatin sodium|drug
DDI-DrugBank.d141.s11|21-28|warfarin|drug
DDI-DrugBank.d141.s11|34-45|cerivastatin|drug
DDI-DrugBank.d141.s11|85-96|cerivastatin|drug
DDI-DrugBank.d141.s12|0-10|antibiotics|group
DDI-DrugBank.d141.s12|16-27|erythromycin|group
DDI-DrugBank.d141.s12|189-200|erythromycin|drug
DDI-DrugBank.d141.s13|106-124|cerivastatin sodium|drug
DDI-DrugBank.d141.s13|154-188|angiotensin-converting enzyme (ACE)|group
DDI-DrugBank.d141.s13|202-213|betablockers|group
DDI-DrugBank.d141.s13|216-239|calcium-channel blockers|group
DDI-DrugBank.d141.s13|242-250|diuretics|group
DDI-DrugBank.d141.s13|295-300|NSAIDs|group
DDI-DrugBank.d287.s0|66-92|beta adrenergic antagonists|drug
DDI-DrugBank.d287.s1|11-29|parasympathomimetic|group
DDI-DrugBank.d287.s1|70-79|Cevimeline|drug
DDI-DrugBank.d287.s2|42-55|antimuscarinic|drug
DDI-DrugBank.d287.s2|68-72|drugs|drug
DDI-DrugBank.d287.s3|20-25|CYP2D6|drug
DDI-DrugBank.d287.s3|31-38|CYP3A3/4|drug
DDI-DrugBank.d287.s3|71-80|cevimeline|drug
DDI-DrugBank.d287.s4|92-97|CYP2D6|drug
DDI-DrugBank.d287.s5|22-36|cytochrome P450|drug
DDI-DrugBank.d287.s5|120-129|cevimeline|drug
DDI-DrugBank.d255.s0|19-27|drug/drug|group
DDI-DrugBank.d255.s0|47-58|chlorambucil|drug
DDI-DrugBank.d110.s0|60-70|epinephrine|drug
DDI-DrugBank.d110.s0|75-88|norepinephrine|drug
DDI-DrugBank.d110.s3|29-39|vasopressor|drug
DDI-DrugBank.d110.s3|114-132|ergot-type oxytocic|drug
DDI-DrugBank.d110.s4|4-25|para-aminobenzoic acid|drug
DDI-DrugBank.d110.s4|41-54|chloroprocaine|drug
DDI-DrugBank.d110.s4|79-90|sulfonamides|group
DDI-DrugBank.d110.s5|11-24|chloroprocaine|drug
DDI-DrugBank.d110.s5|73-88|sulfonamide drug|group
DDI-DrugBank.d429.s0|13-18|kaolin|drug
DDI-DrugBank.d429.s0|34-39|kaolin|drug
DDI-DrugBank.d429.s0|66-76|chloroquine|drug
DDI-DrugBank.d429.s1|67-77|chloroquine|drug
DDI-DrugBank.d429.s2|12-21|Cimetidine|drug
DDI-DrugBank.d429.s2|53-63|chloroquine|drug
DDI-DrugBank.d429.s3|19-28|cimetidine|drug
DDI-DrugBank.d429.s4|12-22|chloroquine|drug
DDI-DrugBank.d429.s4|69-78|ampicillin|drug
DDI-DrugBank.d429.s5|67-77|chloroquine|drug
DDI-DrugBank.d429.s6|35-45|chloroquine|drug
DDI-DrugBank.d429.s6|87-97|cyclosporin|drug
DDI-DrugBank.d429.s7|37-47|cyclosporin|drug
DDI-DrugBank.d429.s7|89-96|Claforal|brand
DDI-DrugBank.d446.s0|0-15|Chlorotrianisene|drug
DDI-DrugBank.d446.s0|35-41|aspirin|drug
DDI-DrugBank.d446.s0|44-55|barbiturates|drug
DDI-DrugBank.d446.s0|58-70|bromocriptine|drug
DDI-DrugBank.d446.s0|126-137|cyclosporine|drug
DDI-DrugBank.d446.s0|140-149|dantrolene|drug
DDI-DrugBank.d446.s0|174-182|tamoxifen|drug
DDI-DrugBank.d446.s0|189-196|warfarin|drug
DDI-DrugBank.d245.s0|27-38|sulfonylurea|drug
DDI-DrugBank.d245.s0|272-302|beta adrenergic blocking agents|drug
DDI-DrugBank.d245.s1|10-14|drugs|drug
DDI-DrugBank.d245.s1|56-66|DIA-BISENSE|brand
DDI-DrugBank.d245.s2|10-14|drugs|drug
DDI-DrugBank.d245.s3|8-12|drugs|drug
DDI-DrugBank.d245.s4|6-14|diuretics|group
DDI-DrugBank.d245.s4|52-60|diuretics|group
DDI-DrugBank.d245.s4|146-154|phenytoin|drug
DDI-DrugBank.d245.s5|10-14|drugs|drug
DDI-DrugBank.d245.s5|56-64|DIA-BENSE|brand
DDI-DrugBank.d245.s6|10-14|drugs|drug
DDI-DrugBank.d245.s6|55-63|DIABINESE|brand
DDI-DrugBank.d245.s7|48-59|barbiturates|drug
DDI-DrugBank.d245.s7|94-107|chlorpropamide|drug
DDI-DrugBank.d245.s7|110-121|barbiturates|drug
DDI-DrugBank.d245.s8|81-87|alcohol|drug
DDI-DrugBank.d245.s9|37-46|miconazole|drug
DDI-DrugBank.d245.s10|95-104|miconazole|drug
DDI-DrugBank.d171.s0|0-6|Tagamet|drug
DDI-DrugBank.d171.s0|130-157|warfarin-type anticoagulants|drug
DDI-DrugBank.d171.s0|160-168|phenytoin|drug
DDI-DrugBank.d171.s0|171-181|propranolol|drug
DDI-DrugBank.d171.s0|184-193|nifedipine|drug
DDI-DrugBank.d171.s0|196-211|chlordiazepoxide|drug
DDI-DrugBank.d171.s0|214-221|diazepam|drug
DDI-DrugBank.d171.s0|259-267|Lidocaine|drug
DDI-DrugBank.d171.s0|287-299|metronidazole|drug
DDI-DrugBank.d171.s1|59-81|warfarin anticoagulants|group
DDI-DrugBank.d171.s2|31-46|prothrombin time|drug
DDI-DrugBank.d171.s2|127-133|Tagamet|brand
DDI-DrugBank.d171.s3|17-25|phenytoin|drug
DDI-DrugBank.d171.s3|28-36|lidocaine|drug
DDI-DrugBank.d171.s3|42-53|theophylline|drug
DDI-DrugBank.d171.s4|64-70|Tagamet|drug
DDI-DrugBank.d171.s4|160-195|Theo-Dur , Key Pharmaceuticals, Inc.|brand
DDI-DrugBank.d171.s6|30-41|theophylline|drug
DDI-DrugBank.d171.s6|104-107|drug|drug
DDI-DrugBank.d171.s7|14-18|drugs|drug
DDI-DrugBank.d171.s7|68-72|drugs|drug
DDI-DrugBank.d171.s8|50-66|antifungal agents|group
DDI-DrugBank.d171.s8|75-86|ketoconazole|drug
DDI-DrugBank.d171.s9|75-84|cimetidine|drug
DDI-DrugBank.d171.s10|48-54|Tagamet|drug
DDI-DrugBank.d237.s0|40-58|cytochrome P450 3A4|drug
DDI-DrugBank.d237.s1|113-121|cisapride|drug
DDI-DrugBank.d237.s1|211-219|cisapride|drug
DDI-DrugBank.d237.s2|52-65|clarithromycin|drug
DDI-DrugBank.d237.s2|68-79|erythromycin|drug
DDI-DrugBank.d237.s2|86-99|troleandomycin|drug
DDI-DrugBank.d237.s3|90-99|belladonna|drug
DDI-DrugBank.d237.s3|115-125|dicyclomine|drug
DDI-DrugBank.d237.s3|186-194|cisapride|drug
DDI-DrugBank.d237.s4|45-63|oral anticoagulants|drug
DDI-DrugBank.d237.s5|107-115|cisapride|drug
DDI-DrugBank.d237.s6|45-54|nefazodone|drug
DDI-DrugBank.d237.s6|83-91|cisapride|drug
DDI-DrugBank.d237.s6|136-144|cisapride|drug
DDI-DrugBank.d237.s7|56-66|fluconazole|drug
DDI-DrugBank.d237.s7|69-80|itraconazole|drug
DDI-DrugBank.d237.s7|92-103|ketoconazole|drug
DDI-DrugBank.d237.s7|140-148|cisapride|drug
DDI-DrugBank.d237.s7|193-201|cisapride|drug
DDI-DrugBank.d237.s8|46-57|ketoconazole|drug
DDI-DrugBank.d237.s8|95-103|cisapride|drug
DDI-DrugBank.d237.s8|156-164|cisapride|drug
DDI-DrugBank.d237.s9|82-90|cisapride|drug
DDI-DrugBank.d237.s9|96-107|ketoconazole|drug
DDI-DrugBank.d237.s10|25-34|Cimetidine|drug
DDI-DrugBank.d237.s10|112-120|cisapride|drug
DDI-DrugBank.d237.s10|145-153|cisapride|drug
DDI-DrugBank.d237.s10|197-206|Ranitidine|drug
DDI-DrugBank.d237.s11|35-44|cimetidine|drug
DDI-DrugBank.d237.s11|50-59|ranitidine|drug
DDI-DrugBank.d237.s12|0-9|Inhibitors|drug
DDI-DrugBank.d237.s12|40-48|indinavir|drug
DDI-DrugBank.d237.s12|54-62|ritonavir|drug
DDI-DrugBank.d237.s12|99-107|cisapride|drug
DDI-DrugBank.d237.s12|151-159|cisapride|drug
DDI-DrugBank.d237.s13|7-15|Cisapride|drug
DDI-DrugBank.d237.s13|87-95|Cisapride|drug
DDI-DrugBank.d237.s14|148-156|quinidine|drug
DDI-DrugBank.d237.s14|174-180|sotalol|drug
DDI-DrugBank.d237.s14|188-199|procainamide|drug
DDI-DrugBank.d237.s15|35-46|aMITRIPYLINE|drug
DDI-DrugBank.d237.s16|45-55|maprotiline|drug
DDI-DrugBank.d237.s17|43-52|Sertindole|brand
DDI-DrugBank.d237.s18|0-13|antihistamines|group
DDI-DrugBank.d237.s18|16-24|Heartafil|brand
DDI-DrugBank.d237.s18|27-38|Sparfloxacin|drug
DDI-DrugBank.d237.s18|45-54|Terodiline|brand
DDI-DrugBank.d237.s19|23-27|drugs|group
DDI-DrugBank.d237.s20|40-48|cisapride|drug
DDI-DrugBank.d237.s21|44-48|drugs|drug
DDI-DrugBank.d237.s21|59-63|drugs|drug
DDI-DrugBank.d464.s0|43-52|analgesics|drug
DDI-DrugBank.d464.s0|63-74|Anaesthetics|drug
DDI-DrugBank.d464.s0|77-90|phenothiazines|drug
DDI-DrugBank.d464.s1|5-8|s.c.|drug
DDI-DrugBank.d464.s2|63-68|agents|drug
DDI-DrugBank.d250.s0|14-24|antibiotics|group
DDI-DrugBank.d250.s0|27-41|aminoglycosides|drug
DDI-DrugBank.d250.s0|47-55|polymyxin|group
DDI-DrugBank.d250.s1|77-99|Coly-Mycin M Parenteral|drug
DDI-DrugBank.d250.s2|33-44|tubocurarine|drug
DDI-DrugBank.d250.s2|259-281|Coly-Mycin M Parenteral|brand
DDI-DrugBank.d250.s3|7-17|Cephalothin|drug
DDI-DrugBank.d250.s3|53-64|Coly-Mycin M|drug
DDI-DrugBank.d250.s4|23-40|Sodium Cephalothin|drug
DDI-DrugBank.d250.s4|46-57|Coly-Mycin M|brand
DDI-DrugBank.d317.s3|18-19|II|drug
DDI-DrugBank.d317.s3|22-24|VII|drug
DDI-DrugBank.d317.s3|35-38|VIII|drug
DDI-DrugBank.d317.s3|49-52|VIII|drug
DDI-DrugBank.d317.s3|74-75|IX|drug
DDI-DrugBank.d317.s3|78-78|X|drug
DDI-DrugBank.d317.s3|99-83||drug
DDI-DrugBank.d317.s3|114-90||drug
DDI-DrugBank.d317.s3|136-108||drug
DDI-DrugBank.d317.s4|20-33|anti-factor Xa|drug
DDI-DrugBank.d317.s4|39-54|antithrombin III|drug
DDI-DrugBank.d317.s4|67-82|antithrombin III|drug
DDI-DrugBank.d317.s5|20-29|fibrinogen|drug
DDI-DrugBank.d317.s5|35-44|fibrinogen|drug
DDI-DrugBank.d317.s8|10-33|thyroid-binding globulin|drug
DDI-DrugBank.d317.s9|54-56|TBG|drug
DDI-DrugBank.d317.s10|5-6|T4|drug
DDI-DrugBank.d317.s10|17-18|T3|drug
DDI-DrugBank.d317.s11|12-38|thyroid replacement therapy|drug
DDI-DrugBank.d317.s11|68-82|thyroid hormone|drug
DDI-DrugBank.d317.s13|56-69|corticosteroid|drug
DDI-DrugBank.d317.s13|89-91|CBG|drug
DDI-DrugBank.d317.s13|95-105|sex hormone|drug
DDI-DrugBank.d317.s13|125-128|SHBG|drug
DDI-DrugBank.d317.s13|171-185|corticosteroids|drug
DDI-DrugBank.d317.s13|191-202|sex steroids|drug
DDI-DrugBank.d317.s15|40-54|angiotensinogen|drug
DDI-DrugBank.d317.s15|56-60|renin|drug
DDI-DrugBank.d317.s15|73-91|alpha-1-antitrypsin|drug
DDI-DrugBank.d317.s15|94-106|ceruloplasmin|drug
DDI-DrugBank.d317.s17|17-19|HDL|drug
DDI-DrugBank.d317.s17|25-28|HDL2|drug
DDI-DrugBank.d317.s18|0-2|N/A|drug
DDI-DrugBank.d317.s20|0-2|N/A|drug
DDI-DrugBank.d317.s21|20-29|metyrapone|drug
DDI-DrugBank.d439.s0|66-73|diuretic|drug
DDI-DrugBank.d101.s0|20-28|Digitoxin|drug
DDI-DrugBank.d101.s1|32-38|digoxin|drug
DDI-DrugBank.d101.s2|19-27|digitoxin|drug
DDI-DrugBank.d101.s3|0-11|Floccytosine|drug_n
DDI-DrugBank.d185.s0|2-5|drug|drug
DDI-DrugBank.d185.s0|60-73|ACZONE Gel, 5%|brand
DDI-DrugBank.d185.s0|113-141|trimethoprim/sulfamethoxazole|group
DDI-DrugBank.d185.s1|45-47|TMP|group
DDI-DrugBank.d185.s1|53-55|SMX|group
DDI-DrugBank.d185.s2|40-46|dapsone|drug
DDI-DrugBank.d185.s2|109-115|TMP/SMX|group
DDI-DrugBank.d185.s3|69-73|100mg|drug
DDI-DrugBank.d185.s4|41-48|Rifampin|group
DDI-DrugBank.d185.s4|51-65|anticonvulsants|group
DDI-DrugBank.d185.s4|68-70|St.|brand
DDI-DrugBank.d185.s5|0-10|John's wort|group
DDI-DrugBank.d185.s5|42-48|dapsone|drug
DDI-DrugBank.d185.s5|81-87|dapsone|drug
DDI-DrugBank.d185.s6|10-16|dapsone|drug
DDI-DrugBank.d185.s6|60-72|pyrimethamine|drug
DDI-DrugBank.d69.s0|7-16|Cerubidine|drug
DDI-DrugBank.d69.s0|59-69|doxorubicin|drug
DDI-DrugBank.d69.s1|118-128|doxorubicin|drug
DDI-DrugBank.d69.s2|23-32|Cerubidine|drug
DDI-DrugBank.d69.s3|20-29|Cerubidine|drug
DDI-DrugBank.d69.s4|43-54|methotrexate|drug
DDI-DrugBank.d197.s0|8-15|In vitro|drug
DDI-DrugBank.d197.s0|104-107|drug|drug
DDI-DrugBank.d197.s1|41-48|PRECEDEX|drug
DDI-DrugBank.d197.s2|51-61|sevoflurane|drug
DDI-DrugBank.d197.s2|64-73|isoflurane|drug
DDI-DrugBank.d197.s2|76-83|propofol|drug
DDI-DrugBank.d197.s2|86-95|alfentanil|drug
DDI-DrugBank.d197.s2|102-110|midazolam|drug
DDI-DrugBank.d197.s3|40-54|dexmedetomidine|drug
DDI-DrugBank.d197.s3|60-69|isoflurane|drug
DDI-DrugBank.d197.s3|72-79|propofol|drug
DDI-DrugBank.d197.s3|82-91|alfentanil|drug
DDI-DrugBank.d197.s3|98-106|midazolam|drug
DDI-DrugBank.d197.s4|81-88|PRECEDEX|brand
DDI-DrugBank.d197.s4|116-123|PRECEDEX|brand
DDI-DrugBank.d197.s5|81-88|PRECEDEX|brand
DDI-DrugBank.d197.s5|254-263|rocuronium|drug
DDI-DrugBank.d181.s0|18-26|oxytocics|drug
DDI-DrugBank.d168.s0|5-8|drug|drug
DDI-DrugBank.d168.s0|62-76|CNS depressants|drug
DDI-DrugBank.d168.s0|272-254||drug
DDI-DrugBank.d168.s0|329-272||drug
DDI-DrugBank.d19.s0|0-9|Disulfiram|drug
DDI-DrugBank.d19.s0|57-67|novel drugs|drug
DDI-DrugBank.d19.s0|173-183|novel drugs|drug
DDI-DrugBank.d19.s1|67-75|PHENYTOIN|drug
DDI-DrugBank.d19.s2|50-54|drugs|group
DDI-DrugBank.d19.s2|68-76|phenytoin|drug
DDI-DrugBank.d19.s2|115-124|disulfiram|drug
DDI-DrugBank.d19.s2|142-150|phenytoin|drug
DDI-DrugBank.d19.s2|172-180|phenytoin|drug
DDI-DrugBank.d19.s3|28-37|disulfiram|drug
DDI-DrugBank.d19.s4|16-24|phenytoin|drug
DDI-DrugBank.d19.s5|10-18|PHENYTOIN|drug
DDI-DrugBank.d19.s6|44-62|oral anticoagulants|drug
DDI-DrugBank.d19.s6|91-100|disulfiram|drug
DDI-DrugBank.d19.s6|109-118|disulfiram|drug
DDI-DrugBank.d19.s7|16-24|isoniazid|drug
DDI-DrugBank.d19.s7|31-40|disulfiram|drug
DDI-DrugBank.d19.s8|4-13|disulfiram|drug
DDI-DrugBank.d19.s9|35-44|disulfiram|drug
DDI-DrugBank.d19.s9|50-56|nitrite|drug
DDI-DrugBank.d19.s9|149-158|disulfiram|drug
DDI-DrugBank.d19.s9|175-182|nitrites|drug
DDI-DrugBank.d19.s10|0-9|Disulfiram|drug
DDI-DrugBank.d371.s0|59-66|TAXOTERE|drug
DDI-DrugBank.d371.s1|51-59|docetaxel|drug
DDI-DrugBank.d371.s1|197-208|cyclosporine|drug
DDI-DrugBank.d371.s1|211-221|terfenadine|drug
DDI-DrugBank.d371.s1|224-235|ketoconazole|drug
DDI-DrugBank.d371.s1|238-249|erythromycin|drug
DDI-DrugBank.d371.s1|256-269|troleandomycin|drug
DDI-DrugBank.d371.s2|39-43|drugs|drug
DDI-DrugBank.d371.s2|78-85|TAXOTERE|brand
DDI-DrugBank.d367.s0|21-29|doxazosin|drug
DDI-DrugBank.d367.s1|44-52|doxazosin|drug
DDI-DrugBank.d367.s1|99-105|Digoxin|drug
DDI-DrugBank.d367.s1|108-115|warfarin|drug
DDI-DrugBank.d367.s1|118-126|phenytoin|drug
DDI-DrugBank.d367.s1|131-142|indomethacin|drug
DDI-DrugBank.d367.s2|75-79|drugs|drug
DDI-DrugBank.d367.s2|84-92|doxazosin|drug
DDI-DrugBank.d367.s3|0-8|Doxazosin|drug
DDI-DrugBank.d367.s3|76-79|drug|drug
DDI-DrugBank.d367.s4|96-104|doxazosin|drug
DDI-DrugBank.d367.s4|145-154|cimetidine|drug
DDI-DrugBank.d367.s4|219-227|doxazosin|drug
DDI-DrugBank.d367.s4|331-339|doxazosin|drug
DDI-DrugBank.d367.s5|46-54|doxazosin|drug
DDI-DrugBank.d367.s6|20-28|doxazosin|drug
DDI-DrugBank.d367.s8|84-97|alpha blockers|group
DDI-DrugBank.d367.s9|28-194|(e.g., <drug>acetaminophen</drug>, <drug>aspirin</drug>, <drugocodeine</drug> and <drugicodeine</drug> combinations, <drug>ibuprofen</drug>, <drug.indomethacin</drug>)|group
DDI-DrugBank.d367.s9|35-47|acetaminophen|drug
DDI-DrugBank.d367.s9|50-56|aspirin|drug
DDI-DrugBank.d367.s9|119-65||drug
DDI-DrugBank.d367.s11|13-16|e.g.|group
DDI-DrugBank.d367.s11|65-76|Erythromycin|drug
DDI-DrugBank.d367.s11|80-83|e.g.|group
DDI-DrugBank.d367.s11|86-118|trimethoprim and sulfamethoxazole|group
DDI-DrugBank.d367.s11|122-132|Amoxicillin|drug
DDI-DrugBank.d367.s12|0-15|Lack of response|drug
DDI-DrugBank.d367.s13|16-19|e.g.|group
DDI-DrugBank.d367.s13|22-37|chlorpheniramine|brand
DDI-DrugBank.d367.s15|29-36|atenolol|drug
DDI-DrugBank.d367.s15|39-57|hydrochlorothiazide|drug
DDI-DrugBank.d367.s15|60-70|propranolol|drug
DDI-DrugBank.d367.s16|0-2|N/A|drug
DDI-DrugBank.d367.s19|31-38|antacids|drug
DDI-DrugBank.d367.s21|18-32|endocrine drugs|group
DDI-DrugBank.d367.s23|35-42|Diazepam|brand
DDI-DrugBank.d223.s0|63-81|cytochrome P450 2D6|drug
DDI-DrugBank.d223.s1|48-55|P450 2D6|drug
DDI-DrugBank.d223.s2|0-24|tricyclic antidepressants|drug
DDI-DrugBank.d223.s3|29-31|N/A|drug
DDI-DrugBank.d223.s4|21-25|drugs|drug
DDI-DrugBank.d223.s5|47-49|TCA|drug
DDI-DrugBank.d223.s6|4-8|drugs|drug
DDI-DrugBank.d223.s6|96-104|quinidine|drug
DDI-DrugBank.d223.s7|67-81|antidepressants|drug
DDI-DrugBank.d223.s7|132-142|propafenone|drug
DDI-DrugBank.d223.s7|148-157|flecainide|drug
DDI-DrugBank.d223.s8|69-78|citalopram|drug
DDI-DrugBank.d223.s8|81-92|escitalopram|drug
DDI-DrugBank.d223.s8|95-104|fluoxetine|drug
DDI-DrugBank.d223.s8|107-116|sertraline|drug
DDI-DrugBank.d223.s8|123-132|paroxetine|drug
DDI-DrugBank.d223.s9|20-23|SSRI|group
DDI-DrugBank.d223.s9|25-27|TCA|group
DDI-DrugBank.d223.s9|141-144|SSRI|drug
DDI-DrugBank.d223.s10|84-88|SSRIs|group
DDI-DrugBank.d223.s11|72-74|TCA|drug
DDI-DrugBank.d223.s11|120-129|fluoxetine|drug
DDI-DrugBank.d223.s12|19-43|tricyclic antidepressants|drug
DDI-DrugBank.d223.s12|156-180|tricyclic antidepressants|drug
DDI-DrugBank.d223.s13|98-121|tricyclic antidepressant|drug
DDI-DrugBank.d223.s14|27-29|TCA|drug
DDI-DrugBank.d223.s14|56-58|TCA|drug
DDI-DrugBank.d223.s14|104-107|drug|drug
DDI-DrugBank.d223.s15|0-6|Doxepin|drug
DDI-DrugBank.d223.s15|36-41|CYP2D6|drug
DDI-DrugBank.d223.s15|49-54|CYP1A2|drug
DDI-DrugBank.d223.s15|62-67|CYP3A4|drug
DDI-DrugBank.d223.s16|42-50|quinidine|drug
DDI-DrugBank.d223.s16|143-149|doxepin|drug
DDI-DrugBank.d223.s17|66-71|CYP2D6|drug
DDI-DrugBank.d223.s18|51-57|doxepin|drug
DDI-DrugBank.d223.s19|112-116|drugs|drug
DDI-DrugBank.d223.s20|117-124|SINEQUAN|drug
DDI-DrugBank.d223.s21|71-83|MAO inhibitor|drug
DDI-DrugBank.d223.s22|12-21|Cimetidine|drug
DDI-DrugBank.d223.s23|156-179|tricyclic antidepressant|drug
DDI-DrugBank.d223.s23|186-195|cimetidine|drug
DDI-DrugBank.d223.s24|35-58|tricyclic antidepressant|drug
DDI-DrugBank.d223.s24|133-142|cimetidine|drug
DDI-DrugBank.d223.s25|60-84|tricyclic antidepressants|drug
DDI-DrugBank.d223.s25|107-116|cimetidine|drug
DDI-DrugBank.d223.s25|146-155|cimetidine|drug
DDI-DrugBank.d223.s25|218-241|tricyclic antidepressant|drug
DDI-DrugBank.d223.s26|128-135|SINEQUAN|drug
DDI-DrugBank.d223.s27|53-59|alcohol|drug
DDI-DrugBank.d223.s28|104-113|Tolazamide|drug
DDI-DrugBank.d223.s28|156-162|Doxepin|drug
DDI-DrugBank.d44.s0|10-16|RAPTIVA|group
DDI-DrugBank.d44.s0|63-69|RAPTIVA|drug
DDI-DrugBank.d44.s1|56-60|drugs|drug
DDI-DrugBank.d44.s2|79-85|RAPTIVA|drug
DDI-DrugBank.d44.s3|34-40|RAPTIVA|drug
DDI-DrugBank.d531.s0|0-8|Efavirenz|drug
DDI-DrugBank.d531.s0|43-48|CYP3A4|drug
DDI-DrugBank.d531.s1|112-118|SUSTIVA|brand
DDI-DrugBank.d531.s1|121-129|efavirenz|drug
DDI-DrugBank.d531.s2|40-48|efavirenz|drug
DDI-DrugBank.d531.s2|112-120|efavirenz|drug
DDI-DrugBank.d531.s3|20-28|efavirenz|drug
DDI-DrugBank.d531.s4|67-71|drugs|group
DDI-DrugBank.d531.s5|19-24|CYP3A4|group
DDI-DrugBank.d531.s5|36-48|phenobarbital|drug
DDI-DrugBank.d531.s5|51-58|rifampin|drug
DDI-DrugBank.d531.s5|61-69|rifabutin|drug
DDI-DrugBank.d531.s5|119-127|efavirenz|drug
DDI-DrugBank.d531.s6|33-39|SUSTIVA|group
DDI-DrugBank.d531.s7|10-61|Drugs That Should Not Be Coadministered With SUSTIVA|group
DDI-DrugBank.d531.s9|49-55|SUSTIVA|brand
DDI-DrugBank.d531.s10|16-30|Benzodiazepines|brand
DDI-DrugBank.d531.s10|33-50|GI Motility Agents|group
DDI-DrugBank.d531.s10|53-65|Anti-Migraine|group
DDI-DrugBank.d531.s10|68-77|Antifungal|group
DDI-DrugBank.d531.s11|0-13|antihistamines|group
DDI-DrugBank.d531.s11|17-26|astemizole|drug
DDI-DrugBank.d531.s11|29-37|Midazolam|brand
DDI-DrugBank.d531.s11|40-48|Triazolam|brand
DDI-DrugBank.d531.s11|51-59|Cisapride|brand
DDI-DrugBank.d531.s11|81-92|Voriconazole|brand
DDI-DrugBank.d531.s12|0-28|Established Drug Interactions|drug
DDI-DrugBank.d531.s14|0-3|Name|drug
DDI-DrugBank.d531.s17|0-9|Atazanavir|drug
DDI-DrugBank.d531.s19|25-31|SUSTIVA|drug
DDI-DrugBank.d531.s19|86-95|atazanavir|drug
DDI-DrugBank.d531.s19|112-120|ritonavir|drug
DDI-DrugBank.d531.s19|133-139|SUSTIVA|drug
DDI-DrugBank.d531.s20|27-33|SUSTIVA|drug
DDI-DrugBank.d531.s20|39-48|atazanavir|drug
DDI-DrugBank.d531.s21|0-28|Established Drug Interactions|drug
DDI-DrugBank.d531.s22|0-8|Drug Name|drug
DDI-DrugBank.d531.s25|0-13|Clarithromycin|drug
DDI-DrugBank.d531.s26|0-13|clarithromycin|drug
DDI-DrugBank.d531.s27|35-41|SUSTIVA|brand
DDI-DrugBank.d531.s28|0-79|Lack of mention, possibly due to minor or insufficient information on this topic|drug
DDI-DrugBank.d531.s29|61-67|SUSTIVA|drug
DDI-DrugBank.d531.s29|73-86|clarithromycin|drug
DDI-DrugBank.d531.s30|22-28|SUSTIVA|drug
DDI-DrugBank.d531.s30|61-74|clarithromycin|drug
DDI-DrugBank.d531.s31|16-29|clarithromycin|drug
DDI-DrugBank.d531.s31|40-51|azithromycin|drug
DDI-DrugBank.d531.s32|37-48|erythromycin|drug
DDI-DrugBank.d531.s35|0-11|Nitric Oxide|drug
DDI-DrugBank.d531.s36|0-18|protease inhibitors|group
DDI-DrugBank.d531.s37|20-28|indinavir|drug
DDI-DrugBank.d531.s37|62-68|SUSTIVA|group
DDI-DrugBank.d531.s38|15-23|indinavir|drug
DDI-DrugBank.d531.s38|93-101|indinavir|drug
DDI-DrugBank.d531.s38|121-127|SUSTIVA|drug
DDI-DrugBank.d531.s39|5-13|indinavir|drug
DDI-DrugBank.d531.s39|108-116|indinavir|drug
DDI-DrugBank.d531.s39|210-218|indinavir|drug
DDI-DrugBank.d531.s40|0-8|Lopinavir|drug
DDI-DrugBank.d531.s40|10-18|Ritonavir|drug
DDI-DrugBank.d531.s42|19-27|lopinavir|drug
DDI-DrugBank.d531.s42|29-37|ritonavir|drug
DDI-DrugBank.d531.s42|149-155|SUSTIVA|drug
DDI-DrugBank.d531.s45|63-80|injection drug use|drug
DDI-DrugBank.d531.s45|121-129|methadone|drug
DDI-DrugBank.d531.s45|144-149|opiate|drug
DDI-DrugBank.d531.s47|63-71|methadone|drug
DDI-DrugBank.d531.s48|0-16|Ethinyl estradiol|drug
DDI-DrugBank.d531.s49|0-16|Ethinyl Estradiol|group
DDI-DrugBank.d531.s50|35-41|SUSTIVA|group
DDI-DrugBank.d531.s50|44-52|efavirenz|drug
DDI-DrugBank.d531.s52|37-45|efavirenz|drug
DDI-DrugBank.d531.s55|23-31|rifabutin|drug
DDI-DrugBank.d531.s56|22-30|Rifabutin|drug
DDI-DrugBank.d531.s56|55-63|Rifabutin|drug
DDI-DrugBank.d531.s58|0-8|efavirenz|drug
DDI-DrugBank.d531.s59|33-41|efavirenz|drug
DDI-DrugBank.d531.s60|0-8|Ritonavir|drug
DDI-DrugBank.d531.s61|0-8|Ritonavir|drug_n
DDI-DrugBank.d531.s62|88-96|dizziness|drug
DDI-DrugBank.d531.s62|99-104|nausea|drug
DDI-DrugBank.d531.s62|107-117|paresthesia|drug
DDI-DrugBank.d531.s63|48-54|SUSTIVA|drug
DDI-DrugBank.d531.s63|84-92|ritonavir|drug
DDI-DrugBank.d531.s64|0-2|N/A|drug
DDI-DrugBank.d531.s66|0-18|protease inhibitors|group
DDI-DrugBank.d531.s67|66-72|SUSTIVA|group
DDI-DrugBank.d531.s68|0-9|Sertraline|drug
DDI-DrugBank.d531.s69|0-9|sertraline|drug
DDI-DrugBank.d531.s70|13-22|sertraline|drug
DDI-DrugBank.d531.s71|6-75|Potentially Clinically Significant Drug or Herbal Product Interactions|group
DDI-DrugBank.d531.s71|82-88|SUSTIVA|drug
DDI-DrugBank.d531.s72|0-14|Anticoagulants:|group
DDI-DrugBank.d531.s73|72-78|SUSTIVA|group
DDI-DrugBank.d531.s74|17-25|Phenytoin|group
DDI-DrugBank.d531.s74|28-38|Phebarbital|group
DDI-DrugBank.d531.s74|41-53|Phenobarbital|drug
DDI-DrugBank.d531.s74|57-69|Carbamazepine|group
DDI-DrugBank.d531.s75|27-40|anticonvulsant|group
DDI-DrugBank.d531.s75|49-57|efavirenz|drug
DDI-DrugBank.d531.s76|23-36|anticonvulsant|drug
DDI-DrugBank.d531.s77|13-64|<drug>Itraconazole</drug>, <drug>Ketoconazole</drug>|group
DDI-DrugBank.d531.s77|13-24|Itraconazole|drug
DDI-DrugBank.d531.s77|27-38|Ketoconazole|drug
DDI-DrugBank.d531.s78|30-36|SUSTIVA|drug
DDI-DrugBank.d531.s79|63-74|itraconazole|drug
DDI-DrugBank.d531.s79|80-91|ketoconazole|drug
DDI-DrugBank.d531.s80|9-27|protease inhibitors|group
DDI-DrugBank.d531.s80|30-39|Saquinavir|drug
DDI-DrugBank.d531.s80|41-49|Ritonavir|drug
DDI-DrugBank.d531.s83|62-71|amprenavir|drug
DDI-DrugBank.d531.s85|42-47|NNRTIs|group
DDI-DrugBank.d531.s86|0-14|St. John's Wort|group
DDI-DrugBank.d531.s86|17-36|Hypericum perforatum|drug
DDI-DrugBank.d531.s87|52-60|efavirenz|drug
DDI-DrugBank.d531.s87|103-109|SUSTIVA|group
DDI-DrugBank.d531.s90|37-52|drug interaction|drug
DDI-DrugBank.d531.s90|104-110|SUSTIVA|drug
DDI-DrugBank.d531.s90|113-121|efavirenz|drug
DDI-DrugBank.d531.s90|294-303|zidovudine|drug
DDI-DrugBank.d531.s91|9-12|drug|drug
DDI-DrugBank.d531.s91|92-101|lamivudine|drug
DDI-DrugBank.d531.s91|107-116|zidovudine|drug
DDI-DrugBank.d531.s92|117-125|efavirenz|drug
DDI-DrugBank.d107.s0|25-40|Diuretic Therapy|drug
DDI-DrugBank.d107.s0|55-63|diuretics|drug
DDI-DrugBank.d107.s0|238-246|enalapril|drug
DDI-DrugBank.d107.s0|251-261|enalaprilat|drug
DDI-DrugBank.d107.s1|44-52|enalapril|drug
DDI-DrugBank.d107.s1|57-67|enalaprilat|drug
DDI-DrugBank.d107.s1|191-199|enalapril|drug
DDI-DrugBank.d107.s1|204-214|enalaprilat|drug
DDI-DrugBank.d107.s2|35-42|diuretic|drug
DDI-DrugBank.d107.s3|61-69|enalapril|drug
DDI-DrugBank.d107.s3|75-83|enalapril|drug
DDI-DrugBank.d107.s3|160-168|diuretics|drug
DDI-DrugBank.d107.s4|116-127|nonsteroidal|drug
DDI-DrugBank.d107.s4|147-151|drugs|drug
DDI-DrugBank.d107.s4|179-187|enalapril|drug
DDI-DrugBank.d107.s6|34-45|indomethacin|drug
DDI-DrugBank.d107.s6|50-57|sulindac|drug
DDI-DrugBank.d107.s6|111-117|VASOTEC|brand
DDI-DrugBank.d107.s7|84-90|VASOTEC|brand
DDI-DrugBank.d107.s8|30-35|NSAIDs|drug
DDI-DrugBank.d107.s8|81-94|ACE inhibitors|drug
DDI-DrugBank.d107.s9|73-105|concomitantly with ACE inhibitors|group
DDI-DrugBank.d107.s10|29-37|Enalapril|drug
DDI-DrugBank.d107.s10|43-54|Enalapril IV|drug
DDI-DrugBank.d107.s10|196-202|Digoxin|drug
DDI-DrugBank.d107.s11|46-54|digitalis|drug
DDI-DrugBank.d107.s12|35-43|Enalapril|drug
DDI-DrugBank.d107.s12|49-57|Enalapril|drug
DDI-DrugBank.d107.s13|35-48|spironolactone|drug
DDI-DrugBank.d107.s13|51-61|triamterene|drug
DDI-DrugBank.d107.s13|67-75|amiloride|drug
DDI-DrugBank.d107.s14|161-166|sodium|drug
DDI-DrugBank.d107.s15|95-103|enalapril|drug
DDI-DrugBank.d107.s16|9-15|Lithium|drug
DDI-DrugBank.d107.s16|66-72|Lithium|drug
DDI-DrugBank.d107.s17|29-35|Lithium|drug
DDI-DrugBank.d107.s17|71-79|enalapril|drug
DDI-DrugBank.d107.s17|116-122|Lithium|drug
DDI-DrugBank.d395.s0|9-29|Bismuth subsalicylate|drug
DDI-DrugBank.d395.s0|57-64|enoxacin|drug
DDI-DrugBank.d395.s0|90-97|enoxacin|drug
DDI-DrugBank.d395.s0|125-132|enoxacin|drug
DDI-DrugBank.d395.s1|62-82|bismuth subsalicylate|brand
DDI-DrugBank.d395.s2|10-17|Enoxacin|drug
DDI-DrugBank.d395.s2|108-122|methylxanthines|drug
DDI-DrugBank.d395.s3|26-33|enoxacin|drug
DDI-DrugBank.d395.s3|103-110|caffeine|drug
DDI-DrugBank.d395.s3|149-156|caffeine|drug
DDI-DrugBank.d395.s3|239-246|caffeine|drug
DDI-DrugBank.d395.s4|14-21|enoxacin|drug
DDI-DrugBank.d395.s4|56-63|caffeine|drug
DDI-DrugBank.d395.s4|69-76|enoxacin|drug
DDI-DrugBank.d395.s5|69-76|caffeine|drug
DDI-DrugBank.d395.s5|100-107|enoxacin|drug
DDI-DrugBank.d395.s6|39-50|cyclosporine|drug
DDI-DrugBank.d395.s6|95-106|cyclosporine|drug
DDI-DrugBank.d395.s7|9-16|Enoxacin|drug
DDI-DrugBank.d395.s7|34-40|digoxin|drug
DDI-DrugBank.d395.s8|36-42|digoxin|drug
DDI-DrugBank.d395.s8|64-71|enosaxin|drug
DDI-DrugBank.d395.s8|77-83|digoxin|drug
DDI-DrugBank.d395.s8|149-155|digoxin|drug
DDI-DrugBank.d395.s8|175-181|digoxin|drug
DDI-DrugBank.d395.s9|87-94|enosacin|drug
DDI-DrugBank.d395.s9|155-162|fenbufen|drug
DDI-DrugBank.d395.s10|79-81|N/A|drug
DDI-DrugBank.d395.s12|25-34|Quinolones|group
DDI-DrugBank.d395.s13|29-38|quinolones|drug
DDI-DrugBank.d395.s14|5-15|sucral fate|group
DDI-DrugBank.d395.s15|5-33|divalent or trivalent cations|group
DDI-DrugBank.d395.s15|43-46|iron|drug
DDI-DrugBank.d395.s16|33-36|zinc|drug
DDI-DrugBank.d395.s16|71-74|drug|drug
DDI-DrugBank.d395.s16|132-140|quinolone|drug
DDI-DrugBank.d395.s17|20-37|aluminum hydroxide|drug
DDI-DrugBank.d395.s17|43-61|magnesium hydroxide|drug
DDI-DrugBank.d395.s17|93-100|enosacin|drug
DDI-DrugBank.d395.s18|28-35|enoxacin|drug
DDI-DrugBank.d395.s18|80-89|rantiidine|drug
DDI-DrugBank.d395.s19|73-80|enoxacin|drug
DDI-DrugBank.d395.s20|14-21|Enoxacin|drug
DDI-DrugBank.d395.s20|112-123|Theophylline|drug
DDI-DrugBank.d395.s20|139-153|Methylxanthines|drug
DDI-DrugBank.d395.s21|0-7|Enoxacin|drug
DDI-DrugBank.d395.s21|43-54|Theophylline|drug
DDI-DrugBank.d395.s21|107-118|Theophylline|drug
DDI-DrugBank.d395.s21|178-189|Theophylline|drug
DDI-DrugBank.d395.s22|68-79|theophylline|drug
DDI-DrugBank.d395.s22|85-92|enoxacin|drug
DDI-DrugBank.d395.s23|10-19|Quinolones|group
DDI-DrugBank.d395.s24|0-7|Enoxacin|drug
DDI-DrugBank.d395.s24|120-127|Enoxacin|drug
DDI-DrugBank.d395.s24|133-140|warfarin|group
DDI-DrugBank.d395.s25|95-102|warfarin|drug
DDI-DrugBank.d395.s25|127-134|enoxacin|drug
DDI-DrugBank.d241.s0|55-60|FLOLAN|drug
DDI-DrugBank.d241.s0|83-91|diuretics|group
DDI-DrugBank.d241.s0|94-116|antihypertensive agents|group
DDI-DrugBank.d241.s0|128-139|vasodilators|group
DDI-DrugBank.d241.s1|11-29|antiplatelet agents|group
DDI-DrugBank.d241.s1|34-47|anticoagulants|group
DDI-DrugBank.d241.s1|100-105|FLOLAN|brand
DDI-DrugBank.d241.s2|41-46|FLOLAN|drug
DDI-DrugBank.d241.s3|41-47|digoxin|drug
DDI-DrugBank.d241.s3|202-211|furosemide|drug
DDI-DrugBank.d241.s3|216-222|digoxin|drug
DDI-DrugBank.d241.s3|302-311|furosemide|drug
DDI-DrugBank.d241.s3|326-332|digoxin|drug
DDI-DrugBank.d241.s4|14-23|furosemide|drug
DDI-DrugBank.d241.s5|21-27|digoxin|drug
DDI-DrugBank.d241.s5|52-58|digoxin|drug
DDI-DrugBank.d241.s5|173-179|digoxin|drug
DDI-DrugBank.d525.s0|71-77|digoxin|drug
DDI-DrugBank.d525.s0|107-114|warfarin|drug
DDI-DrugBank.d525.s2|8-17|eprosartan|drug
DDI-DrugBank.d525.s2|266-275|eprosartan|drug
DDI-DrugBank.d525.s3|0-9|Ranitidine|drug
DDI-DrugBank.d525.s3|33-42|eprosartan|drug
DDI-DrugBank.d525.s4|0-9|Eprosartan|drug
DDI-DrugBank.d525.s4|116-134|hydrochlorothiazide|drug
DDI-DrugBank.d525.s5|143-152|nifedipine|drug
DDI-DrugBank.d278.s0|22-30|1.0 mg/kg|drug
DDI-DrugBank.d278.s0|113-124|eptifibatide|drug
DDI-DrugBank.d152.s0|62-69|estrogen|drug
DDI-DrugBank.d152.s1|67-74|estrogen|drug
DDI-DrugBank.d152.s2|10-20|prothrombin|drug
DDI-DrugBank.d152.s3|10-23|anticoagulants|group
DDI-DrugBank.d152.s4|10-23|norepinephrine|drug
DDI-DrugBank.d152.s5|112-114|PBI|drug
DDI-DrugBank.d152.s6|59-61|TBG|drug
DDI-DrugBank.d152.s8|10-21|pregnanediol|drug
DDI-DrugBank.d152.s9|0-9|Metyrapone|drug
DDI-DrugBank.d152.s10|0-5|folate|drug
DDI-DrugBank.d359.s0|40-44|drugs|group
DDI-DrugBank.d359.s1|44-51|PEGANONE|drug
DDI-DrugBank.d359.s1|87-95|Phenurone|group
DDI-DrugBank.d359.s1|98-108|phenacemide|group
DDI-DrugBank.d359.s2|59-67|phenytoin|drug
DDI-DrugBank.d359.s3|12-20|phenytoin|drug
DDI-DrugBank.d359.s4|16-38|coumarin anticoagulants|group
DDI-DrugBank.d359.s4|123-131|phenytoin|drug
DDI-DrugBank.d359.s5|74-81|ethotoin|drug
DDI-DrugBank.d359.s5|100-113|anticoagulants|group
DDI-DrugBank.d359.s6|48-55|Peganone|drug
DDI-DrugBank.d359.s6|79-86|coumarin|drug
DDI-DrugBank.d219.s0|15-85|Reports suggest that NSAIDs may diminish the antihypertensive effect of|group
DDI-DrugBank.d219.s1|66-71|NSAIDs|drug
DDI-DrugBank.d219.s1|92-105|ACE-inhibitors|drug
DDI-DrugBank.d219.s2|44-51|antacids|drug
DDI-DrugBank.d219.s2|107-112|Lodine|drug
DDI-DrugBank.d219.s3|9-16|antacids|group
DDI-DrugBank.d219.s4|0-5|Lodine|brand
DDI-DrugBank.d219.s4|13-19|aspirin|drug
DDI-DrugBank.d219.s4|42-47|Lodine|drug
DDI-DrugBank.d219.s4|113-120|etodolac|drug
DDI-DrugBank.d219.s6|61-66|Lodine|drug
DDI-DrugBank.d219.s6|72-78|aspirin|drug
DDI-DrugBank.d219.s7|14-20|Digoxin|drug
DDI-DrugBank.d219.s7|192-203|Cyclosporine|drug
DDI-DrugBank.d219.s7|206-212|Digoxin|drug
DDI-DrugBank.d219.s7|215-226|Methotrexate|drug
DDI-DrugBank.d219.s8|31-42|cyclosporine|drug
DDI-DrugBank.d219.s9|25-29|drugs|drug
DDI-DrugBank.d219.s9|45-50|Lodine|brand
DDI-DrugBank.d219.s9|209-213|drugs|drug
DDI-DrugBank.d219.s10|11-18|Etodolac|drug
DDI-DrugBank.d219.s10|87-96|furosemide|drug
DDI-DrugBank.d219.s10|101-119|hydrochlorothiazide|drug
DDI-DrugBank.d219.s11|86-91|Lodine|drug
DDI-DrugBank.d219.s11|130-139|furosemide|drug
DDI-DrugBank.d219.s12|57-69|prostaglandin|drug
DDI-DrugBank.d219.s13|32-37|NSAIDs|group
DDI-DrugBank.d219.s14|11-18|Etodolac|drug
DDI-DrugBank.d219.s14|87-95|Glyburide|drug
DDI-DrugBank.d219.s15|53-59|Lithium|drug
DDI-DrugBank.d219.s15|93-99|Lithium|drug
DDI-DrugBank.d219.s16|17-23|Lithium|drug
DDI-DrugBank.d219.s17|89-93|NSAID|group
DDI-DrugBank.d219.s18|11-16|NSAIDs|drug
DDI-DrugBank.d219.s18|22-28|Lithium|drug
DDI-DrugBank.d219.s18|112-118|Lithium|drug
DDI-DrugBank.d219.s19|16-29|Phenylbutazone|drug
DDI-DrugBank.d219.s19|86-93|etodolac|drug
DDI-DrugBank.d219.s20|54-61|etodolac|drug
DDI-DrugBank.d219.s20|107-120|phenylbutazone|drug
DDI-DrugBank.d219.s21|11-18|Etodolac|drug
DDI-DrugBank.d219.s21|87-95|Phenytoin|drug
DDI-DrugBank.d219.s22|25-32|warfarin|drug
DDI-DrugBank.d219.s23|88-95|warfarin|drug
DDI-DrugBank.d219.s23|101-106|Lodine|brand
DDI-DrugBank.d219.s23|109-116|etodolac|drug
DDI-DrugBank.d219.s23|178-185|warfarin|drug
DDI-DrugBank.d219.s23|237-244|warfarin|drug
DDI-DrugBank.d219.s24|69-76|warfarin|drug
DDI-DrugBank.d219.s24|101-108|warfarin|drug
DDI-DrugBank.d219.s25|31-38|warfarin|drug
DDI-DrugBank.d219.s25|44-49|Lodine|drug
DDI-DrugBank.d219.s26|148-155|etodolac|drug
DDI-DrugBank.d219.s26|196-203|warfarin|drug
DDI-DrugBank.d219.s27|65-70|Lodine|drug
DDI-DrugBank.d219.s27|119-127|bilirubin|drug
DDI-DrugBank.d219.s27|130-137|urobilin|drug
DDI-DrugBank.d219.s27|187-194|etodolac|drug
DDI-DrugBank.d219.s28|49-61|ketone bodies|drug
DDI-DrugBank.d219.s28|143-148|Lodine|brand
DDI-DrugBank.d219.s31|62-65|uric|drug
DDI-DrugBank.d219.s32|97-104|etodolac|drug
DDI-DrugBank.d219.s32|107-112|600 mg|drug
DDI-DrugBank.d219.s32|117-123|1000 mg|drug
DDI-DrugBank.d219.s33|54-60|therapy|drug
DDI-DrugBank.d104.s0|49-70|antihypertensive drugs|group
DDI-DrugBank.d104.s0|79-90|Guanethidine|brand
DDI-DrugBank.d104.s0|93-102|Methyldopa|brand
DDI-DrugBank.d104.s0|105-113|Risperine|brand
DDI-DrugBank.d104.s1|6-19|CNS depressant|drug
DDI-DrugBank.d104.s1|74-85|fenfluramine|drug
DDI-DrugBank.d546.s0|57-66|fenoldopam|drug
DDI-DrugBank.d546.s1|7-11|drugs|drug
DDI-DrugBank.d546.s1|171-180|fenoldopam|drug
DDI-DrugBank.d546.s2|84-105|intravenous fenoldopam|drug
DDI-DrugBank.d546.s2|141-149|digitalis|drug
DDI-DrugBank.d546.s2|155-167|nitroglycerin|drug
DDI-DrugBank.d546.s3|77-90|alpha-blockers|group
DDI-DrugBank.d546.s3|93-116|calcium channel-blockers|group
DDI-DrugBank.d546.s3|119-132|ACE inhibitors|group
DDI-DrugBank.d546.s3|150-162|thiazide-like|drug
DDI-DrugBank.d546.s3|168-171|loop|drug
DDI-DrugBank.d776.s0|38-53|DRUG INTERACTION|drug
DDI-DrugBank.d776.s0|63-70|DIFLUCAN|brand
DDI-DrugBank.d776.s1|45-52|DIFLUCAN|brand
DDI-DrugBank.d776.s2|46-63|Oral hypoglycemics|group
DDI-DrugBank.d776.s2|66-93|Coumarin-type anticoagulants|group
DDI-DrugBank.d776.s2|96-104|Phenytoin|drug
DDI-DrugBank.d776.s2|107-118|Cyclosporine|drug
DDI-DrugBank.d776.s2|121-128|Rifampin|drug
DDI-DrugBank.d776.s2|131-142|Theophylline|drug
DDI-DrugBank.d776.s2|145-155|Terfenadine|drug
DDI-DrugBank.d776.s2|158-166|Cisapride|drug
DDI-DrugBank.d776.s2|169-178|Astemizole|drug
DDI-DrugBank.d776.s2|181-189|Rifabutin|drug
DDI-DrugBank.d776.s2|192-201|Tacrolimus|drug
DDI-DrugBank.d776.s2|205-232|Short-acting benzodiazepines|group
DDI-DrugBank.d776.s2|236-253|Oral hypoglycemics|group
DDI-DrugBank.d776.s2|326-333|DIFLUCAN|brand
DDI-DrugBank.d776.s2|340-363|Oral hypoglycemic agents|group
DDI-DrugBank.d776.s3|78-85|DIFLUCAN|drug
DDI-DrugBank.d776.s3|91-99|glyburide|drug
DDI-DrugBank.d776.s4|35-45|tolbutamide|drug
DDI-DrugBank.d776.s4|48-56|glyburide|drug
DDI-DrugBank.d776.s4|63-71|glipizide|drug
DDI-DrugBank.d776.s5|5-12|DIFLUCAN|drug
DDI-DrugBank.d776.s6|14-27|anticoagulants|group
DDI-DrugBank.d776.s6|98-105|DIFLUCAN|brand
DDI-DrugBank.d776.s6|125-138|anticoagulants|group
DDI-DrugBank.d776.s7|242-252|fluconazole|drug
DDI-DrugBank.d776.s7|272-279|warfarin|drug
DDI-DrugBank.d776.s8|22-37|prothrombin time|drug
DDI-DrugBank.d776.s8|61-68|DIFLUCAN|brand
DDI-DrugBank.d776.s10|11-18|DIFLUCAN|group
DDI-DrugBank.d776.s10|59-67|phenytoin|drug
DDI-DrugBank.d776.s11|22-30|phenytoin|drug
DDI-DrugBank.d776.s11|69-76|DIFLUCAN|brand
DDI-DrugBank.d776.s11|82-90|phenytoin|drug
DDI-DrugBank.d776.s13|15-22|DIFLUCAN|group
DDI-DrugBank.d776.s14|22-33|cyclosporine|drug
DDI-DrugBank.d776.s14|108-115|DIFLUCAN|brand
DDI-DrugBank.d776.s14|121-132|cyclosporine|drug
DDI-DrugBank.d776.s15|137-160|Drug Interaction Studies|group
DDI-DrugBank.d776.s16|84-91|DIFLUCAN|drug
DDI-DrugBank.d776.s17|93-100|DIFLUCAN|drug
DDI-DrugBank.d776.s17|131-138|rifampin|drug
DDI-DrugBank.d776.s18|0-7|DIFLUCAN|group
DDI-DrugBank.d776.s18|47-58|Theophylline|drug
DDI-DrugBank.d776.s19|28-39|theophylline|drug
DDI-DrugBank.d776.s19|78-85|DIFLUCAN|group
DDI-DrugBank.d776.s19|91-102|theophylline|drug
DDI-DrugBank.d776.s20|139-143|azole|drug
DDI-DrugBank.d776.s20|177-187|terfenadine|drug
DDI-DrugBank.d776.s21|36-46|fluconazole|drug
DDI-DrugBank.d776.s22|51-61|fluconazole|drug
DDI-DrugBank.d776.s22|175-185|terfenadine|drug
DDI-DrugBank.d776.s23|20-30|fluconazole|drug
DDI-DrugBank.d776.s23|67-77|terfenadine|drug
DDI-DrugBank.d776.s24|24-34|fluconazole|drug
DDI-DrugBank.d776.s24|72-82|terfenadine|drug
DDI-DrugBank.d776.s25|103-113|fluconazole|drug
DDI-DrugBank.d776.s25|119-127|cisapride|drug
DDI-DrugBank.d776.s26|42-52|fluconazole|drug
DDI-DrugBank.d776.s26|76-84|cisapride|drug
DDI-DrugBank.d776.s26|143-151|cisapride|drug
DDI-DrugBank.d776.s27|20-30|fluconazole|drug
DDI-DrugBank.d776.s27|37-45|cisapride|drug
DDI-DrugBank.d776.s28|23-33|fluconazole|drug
DDI-DrugBank.d776.s28|67-76|astemizole|drug
DDI-DrugBank.d776.s29|85-95|fluconazole|drug
DDI-DrugBank.d776.s31|0-8|Rifabutin|drug
DDI-DrugBank.d776.s31|66-76|fluconazole|drug
DDI-DrugBank.d776.s31|82-90|Rifabutin|drug
DDI-DrugBank.d776.s32|19-27|Rifabutin|drug
DDI-DrugBank.d776.s32|33-43|fluconazole|drug
DDI-DrugBank.d776.s33|74-84|fluconazole|drug
DDI-DrugBank.d776.s33|90-99|tacrolimus|drug
DDI-DrugBank.d776.s34|19-28|tacrolimus|drug
DDI-DrugBank.d776.s34|34-44|fluconazole|drug
DDI-DrugBank.d776.s35|63-71|midazolam|drug
DDI-DrugBank.d776.s35|74-84|fluconazole|drug
DDI-DrugBank.d776.s35|123-131|midazolam|drug
DDI-DrugBank.d776.s36|15-23|midazolam|drug
DDI-DrugBank.d776.s36|88-98|fluconazole|drug
DDI-DrugBank.d776.s36|110-120|fluconazole|drug
DDI-DrugBank.d776.s37|16-30|Benzodiazepines|brand
DDI-DrugBank.d776.s37|122-132|fluconazole|drug
DDI-DrugBank.d776.s38|40-56|ethinyl estradiol|drug
DDI-DrugBank.d776.s38|62-75|levonorgestrel|drug
DDI-DrugBank.d776.s38|145-161|ethinyl estradiol|drug
DDI-DrugBank.d776.s38|167-180|levonorgestrel|drug
DDI-DrugBank.d776.s39|68-84|ethinyl estradiol|drug
DDI-DrugBank.d776.s39|90-103|levonorgestrel|drug
DDI-DrugBank.d776.s40|76-92|ethinyl estradiol|drug
DDI-DrugBank.d776.s40|98-111|levonorgestrel|drug
DDI-DrugBank.d776.s40|129-139|fluconazole|drug
DDI-DrugBank.d776.s41|29-39|fluconazole|drug
DDI-DrugBank.d776.s41|71-87|ethinyl estradiol|drug
DDI-DrugBank.d776.s41|93-106|levonorgestrel|drug
DDI-DrugBank.d776.s41|135-145|fluconazole|drug
DDI-DrugBank.d776.s41|167-183|ethinyl estradiol|drug
DDI-DrugBank.d776.s41|188-201|levonorgestrel|drug
DDI-DrugBank.d78.s0|10-19|Sucralfate|drug
DDI-DrugBank.d78.s0|51-60|Quinolones|group
DDI-DrugBank.d78.s1|18-27|quinolones|drug
DDI-DrugBank.d78.s1|92-101|sucralfate|drug
DDI-DrugBank.d78.s1|262-271|didanosine|drug
DDI-DrugBank.d78.s1|394-403|quinolones|drug
DDI-DrugBank.d78.s2|72-84|grepafloxacin|drug
DDI-DrugBank.d78.s3|9-19|Theobromine|drug
DDI-DrugBank.d78.s3|89-96|Caffeine|drug
DDI-DrugBank.d78.s3|102-112|Theobromine|drug
DDI-DrugBank.d78.s4|39-44|Coffee|brand
DDI-DrugBank.d78.s4|50-52|Tea|brand
DDI-DrugBank.d78.s5|112-119|caffeine|drug
DDI-DrugBank.d78.s6|14-26|Grepafloxacin|drug
DDI-DrugBank.d78.s7|6-17|Theophylline|drug
DDI-DrugBank.d78.s7|48-60|Grepafloxacin|drug
DDI-DrugBank.d78.s7|102-113|Theophylline|drug
DDI-DrugBank.d78.s8|38-50|grepafloxacin|drug
DDI-DrugBank.d78.s8|180-191|theophylline|drug
DDI-DrugBank.d78.s8|217-228|theophylline|drug
DDI-DrugBank.d78.s9|32-39|warfarin|drug
DDI-DrugBank.d78.s9|99-111|grepafloxacin|drug
DDI-DrugBank.d78.s10|22-31|quinolones|drug
DDI-DrugBank.d78.s10|78-85|warfarin|drug
DDI-DrugBank.d78.s10|196-204|quinolone|drug
DDI-DrugBank.d78.s10|241-248|warfarin|drug
DDI-DrugBank.d78.s11|45-57|grepafloxacin|drug
DDI-DrugBank.d78.s11|101-112|theophylline|drug
DDI-DrugBank.d78.s11|130-162|The Digi- Tab RIA Kit for Digoxin|drug
DDI-DrugBank.d78.s12|72-84|grepafloxacin|drug
DDI-DrugBank.d78.s13|53-65|grepafloxacin|drug
DDI-DrugBank.d78.s14|95-106|cyclosporine|drug
DDI-DrugBank.d78.s15|27-32|C.P.A.|group
DDI-DrugBank.d78.s16|8-21|antihistamines|group
DDI-DrugBank.d78.s16|24-34|terfenadine|drug
DDI-DrugBank.d78.s16|37-46|astemizole|drug
DDI-DrugBank.d78.s16|49-57|cisapride|drug
DDI-DrugBank.d78.s16|60-68|midazolam|drug
DDI-DrugBank.d78.s16|75-83|triazolam|drug
DDI-DrugBank.d78.s17|50-62|grepafloxacin|drug
DDI-DrugBank.d78.s18|48-53|C.P.A.|group
DDI-DrugBank.d78.s18|108-120|grepafloxacin|drug
DDI-DrugBank.d78.s19|124-132|quinolone|drug
DDI-DrugBank.d78.s20|62-74|hyperglycemia|drug
DDI-DrugBank.d78.s20|80-91|hypoglycemia|drug
DDI-DrugBank.d78.s20|152-161|quinolones|drug
DDI-DrugBank.d302.s0|35-46|Guanethidine|drug
DDI-DrugBank.d186.s0|261-267|Lithium|drug
DDI-DrugBank.d186.s0|274-279|HALDOL|brand
DDI-DrugBank.d186.s1|81-87|Lithium|drug
DDI-DrugBank.d186.s1|93-98|HALDOL|group
DDI-DrugBank.d186.s2|42-55|antipsychotics|group
DDI-DrugBank.d186.s3|14-26|antipsychotic|drug
DDI-DrugBank.d186.s3|60-65|HALDOL|brand
DDI-DrugBank.d186.s3|148-154|alcohol|drug
DDI-DrugBank.d186.s4|17-29|schizophrenic|drug
DDI-DrugBank.d186.s4|60-70|haloperidol|drug
DDI-DrugBank.d186.s4|76-83|rifampin|drug
DDI-DrugBank.d186.s4|93-103|haloperidol|drug
DDI-DrugBank.d186.s5|47-62|oral haloperidol|drug
DDI-DrugBank.d186.s5|68-75|rifampin|drug
DDI-DrugBank.d186.s5|97-104|rifampin|drug
DDI-DrugBank.d186.s5|143-153|haloperidol|drug
DDI-DrugBank.d186.s6|62-69|rifampin|drug
DDI-DrugBank.d186.s6|106-116|haloperidol|drug
DDI-DrugBank.d514.s0|134-140|dosages|drug
DDI-DrugBank.d514.s1|62-67|heroin|drug
DDI-DrugBank.d514.s1|147-150|drug|drug
DDI-DrugBank.d514.s2|134-21||drug
DDI-DrugBank.d514.s2|143-157|benzodiazepines|group
DDI-DrugBank.d514.s2|167-174|Diazipam|brand
DDI-DrugBank.d514.s2|177-127||drug
DDI-DrugBank.d514.s2|213-171||drug
DDI-DrugBank.d514.s3|12-26|benzodiazepines|drug
DDI-DrugBank.d514.s3|63-68|heroin|drug
DDI-DrugBank.d514.s4|67-72|heroin|drug
DDI-DrugBank.d17.s0|0-19|Anticoagulants, oral|group
DDI-DrugBank.d17.s1|0-17|thiazide diuretics|drug
DDI-DrugBank.d17.s3|0-19|Antigout medications|group
DDI-DrugBank.d17.s4|10-18|diuretics|group
DDI-DrugBank.d17.s6|48-56|diazoxide|drug
DDI-DrugBank.d17.s7|56-63|thiazide|drug
DDI-DrugBank.d17.s9|13-13|B|drug
DDI-DrugBank.d17.s9|52-55|ACTH|drug
DDI-DrugBank.d17.s11|0-17|Cardiac glycosides|group
DDI-DrugBank.d17.s12|0-7|thiazide|drug
DDI-DrugBank.d17.s12|50-58|digitalis|drug
DDI-DrugBank.d17.s13|0-9|Colestipol|drug
DDI-DrugBank.d17.s15|15-24|Colestipol|drug
DDI-DrugBank.d17.s17|10-18|diuretics|group
DDI-DrugBank.d17.s18|48-59|hypoglycemic|drug
DDI-DrugBank.d17.s19|53-61|unchanged|drug
DDI-DrugBank.d17.s21|0-6|Lithium|drug
DDI-DrugBank.d17.s22|0-10|Methenamine|drug
DDI-DrugBank.d17.s23|0-7|thiazide|drug
DDI-DrugBank.d17.s24|31-36|agents|group
DDI-DrugBank.d17.s25|51-55|agent|drug
DDI-DrugBank.d17.s25|127-130|loop|drug
DDI-DrugBank.d17.s26|16-33|hydroflumethiazide|drug
DDI-DrugBank.d17.s26|182-189|diuretic|drug
DDI-DrugBank.d17.s28|51-64|norepinephrine|drug
DDI-DrugBank.d17.s29|67-73|pressor|drug
DDI-DrugBank.d17.s31|10-14|drugs|group
DDI-DrugBank.d17.s31|51-62|tubocurarine|drug
DDI-DrugBank.d17.s32|75-81|glucose|drug
DDI-DrugBank.d17.s32|255-272|thiazide diuretics|drug
DDI-DrugBank.d17.s33|56-64|Thiazides|drug
DDI-DrugBank.d17.s33|119-129|parathyroid|drug
DDI-DrugBank.d418.s0|10-17|Cyanokit|group
DDI-DrugBank.d308.s0|27-37|hydroxyzine|drug
DDI-DrugBank.d308.s1|86-96|hydroxyzine|drug
DDI-DrugBank.d308.s2|44-49|Atarax|drug
DDI-DrugBank.d308.s3|120-126|alcohol|drug
DDI-DrugBank.d515.s0|52-55|drug|drug
DDI-DrugBank.d515.s0|102-111|ifosfamide|drug
DDI-DrugBank.d515.s0|125-134|ifosfamide|drug
DDI-DrugBank.d515.s0|220-224|drugs|drug
DDI-DrugBank.d549.s0|94-101|iloprost|drug
DDI-DrugBank.d549.s0|140-148|captopril|drug
DDI-DrugBank.d549.s1|9-16|iloprost|drug
DDI-DrugBank.d549.s1|91-106|antihypertensive|drug
DDI-DrugBank.d549.s2|6-13|iloprost|drug
DDI-DrugBank.d549.s3|24-31|iloprost|drug
DDI-DrugBank.d549.s4|24-31|iloprost|drug
DDI-DrugBank.d549.s4|74-80|digoxin|drug
DDI-DrugBank.d549.s5|71-77|ioprost|drug
DDI-DrugBank.d549.s6|71-78|iloprost|drug
DDI-DrugBank.d97.s0|0-8|Inginavir|drug
DDI-DrugBank.d97.s0|57-62|CYP3A4|drug
DDI-DrugBank.d97.s1|20-27|Crixivan|drug
DDI-DrugBank.d97.s2|13-77|Lack of exact classification given, likely an antiretroviral drug|drug
DDI-DrugBank.d97.s2|97-102|CYP3A4|drug
DDI-DrugBank.d97.s3|18-23|CYP3A4|drug
DDI-DrugBank.d97.s3|81-89|indinavir|drug
DDI-DrugBank.d97.s3|138-146|indinavir|drug
DDI-DrugBank.d97.s4|20-27|Crixivan|drug
DDI-DrugBank.d97.s4|95-103|indinavir|drug
DDI-DrugBank.d97.s4|158-166|indinavir|drug
DDI-DrugBank.d97.s6|45-52|Crixivan|drug
DDI-DrugBank.d97.s7|0-10|Drug Class:|drug
DDI-DrugBank.d97.s7|12-21|Drug Name:|drug
DDI-DrugBank.d97.s8|17-26|Amiodarone|brand
DDI-DrugBank.d97.s9|0-12|apraclonidine|drug
DDI-DrugBank.d97.s10|19-35|dihydroergotamine|drug
DDI-DrugBank.d97.s10|38-47|ergonovine|drug
DDI-DrugBank.d97.s10|50-59|ergotamine|drug
DDI-DrugBank.d97.s10|62-77|methylergonovine|drug
DDI-DrugBank.d97.s11|93-97|ergot|drug
DDI-DrugBank.d97.s12|20-28|Midazolam|brand
DDI-DrugBank.d97.s12|31-39|Triazolam|brand
DDI-DrugBank.d97.s13|110-117|sedation|drug
DDI-DrugBank.d97.s14|20-28|cisapride|drug
DDI-DrugBank.d97.s15|87-105|cardiac arrhythmias|drug
DDI-DrugBank.d97.s16|13-20|Pimozide|brand
DDI-DrugBank.d97.s17|87-93|cardiac|drug
DDI-DrugBank.d97.s18|17-31|St. John's Wort|group
DDI-DrugBank.d97.s18|34-53|Hypericum perforatum|drug
DDI-DrugBank.d97.s19|66-73|Crixivan|drug
DDI-DrugBank.d97.s20|19-33|Rifamycin group|group
DDI-DrugBank.d97.s20|54-61|Rifampin|brand
DDI-DrugBank.d97.s21|66-73|Crixivan|drug
DDI-DrugBank.d97.s22|30-39|lovastatin|drug
DDI-DrugBank.d97.s22|42-52|simvastatin|drug
DDI-DrugBank.d97.s23|48-55|myopathy|drug
DDI-DrugBank.d97.s23|67-80|rhabdomyolysis|drug
DDI-DrugBank.d97.s24|20-29|atazanavir|brand
DDI-DrugBank.d97.s25|5-12|Crixivan|drug
DDI-DrugBank.d97.s25|18-27|atazanavir|drug
DDI-DrugBank.d97.s26|74-81|CRIXIVAN|group
DDI-DrugBank.d97.s26|87-96|atazanavir|drug
DDI-DrugBank.d97.s28|46-49|Drug|drug
DDI-DrugBank.d97.s28|123-126|Drug|drug
DDI-DrugBank.d97.s29|33-41|Drug Name|drug
DDI-DrugBank.d97.s33|0-10|Delavirdine|drug
DDI-DrugBank.d97.s34|0-8|indinavir|drug_n
DDI-DrugBank.d97.s35|18-25|Crixivan|drug
DDI-DrugBank.d97.s35|84-94|delavirdine|drug
DDI-DrugBank.d97.s36|0-9|Didanosine|group
DDI-DrugBank.d97.s37|14-23|didanosine|drug
DDI-DrugBank.d97.s38|0-8|Efavirenz|drug
DDI-DrugBank.d97.s39|0-18|Protease Inhibitors|group
DDI-DrugBank.d97.s40|20-28|indinavir|drug
DDI-DrugBank.d97.s40|62-70|efavirenz|drug
DDI-DrugBank.d97.s41|15-23|indinavir|drug
DDI-DrugBank.d97.s41|93-101|indinavir|drug
DDI-DrugBank.d97.s41|121-129|efavirenz|drug
DDI-DrugBank.d97.s43|0-8|indinavir|drug_n
DDI-DrugBank.d97.s45|0-9|Nevirapine|drug
DDI-DrugBank.d97.s46|0-2|N/A|drug
DDI-DrugBank.d97.s47|61-70|nevirapine|drug
DDI-DrugBank.d97.s50|0-8|indinavir|drug
DDI-DrugBank.d97.s50|24-32|ritonavir|drug
DDI-DrugBank.d97.s52|104-112|indinavir|drug
DDI-DrugBank.d97.s52|134-142|ritonavir|drug
DDI-DrugBank.d97.s56|0-11|Other Agents|group
DDI-DrugBank.d97.s57|17-24|bepridil|drug
DDI-DrugBank.d97.s57|27-35|Lidocaine|drug
DDI-DrugBank.d97.s57|52-60|quinidine|drug
DDI-DrugBank.d97.s58|15-20|agents|group
DDI-DrugBank.d97.s59|81-95|antiarrhythmics|drug
DDI-DrugBank.d97.s59|122-129|CRIXIVAN|brand
DDI-DrugBank.d97.s60|17-29|carbamazepine|drug
DDI-DrugBank.d97.s60|32-44|phenobarbital|drug
DDI-DrugBank.d97.s60|47-55|phenytoin|drug
DDI-DrugBank.d97.s61|0-8|indinavir|drug_n
DDI-DrugBank.d97.s63|49-57|indinavir|drug
DDI-DrugBank.d97.s64|49-58|felodipine|drug
DDI-DrugBank.d97.s64|61-70|nifedipine|drug
DDI-DrugBank.d97.s64|73-83|nicardipine|drug
DDI-DrugBank.d97.s67|0-13|Clarithromycin|drug
DDI-DrugBank.d97.s68|0-13|clarithromycin|drug
DDI-DrugBank.d97.s68|31-39|indinavir|drug
DDI-DrugBank.d97.s70|29-40|atorvastatin|drug
DDI-DrugBank.d97.s71|0-11|atorvastatin|drug
DDI-DrugBank.d97.s72|28-39|atorvastatin|drug
DDI-DrugBank.d97.s72|161-171|pravastatin|drug
DDI-DrugBank.d97.s72|174-184|fluvastatin|drug
DDI-DrugBank.d97.s72|190-201|rosuvastatin|drug
DDI-DrugBank.d97.s73|20-31|cyclosporine|drug
DDI-DrugBank.d97.s73|34-43|tacrolimus|drug
DDI-DrugBank.d97.s73|46-54|sirolimus|drug
DDI-DrugBank.d97.s74|0-22|imunosuppressant agents|group
DDI-DrugBank.d97.s75|42-49|Crixivan|group
DDI-DrugBank.d97.s77|0-8|indinavir|drug_n
DDI-DrugBank.d97.s78|18-25|CRIXIVAN|drug
DDI-DrugBank.d97.s80|0-8|indinavir|drug
DDI-DrugBank.d97.s81|18-25|Crixivan|group
DDI-DrugBank.d97.s83|0-8|indinavir|drug
DDI-DrugBank.d97.s83|26-34|rifabutin|drug
DDI-DrugBank.d97.s84|18-26|rifabutin|drug
DDI-DrugBank.d97.s84|77-84|CRIXIVAN|brand
DDI-DrugBank.d97.s84|156-164|rifabutin|drug
DDI-DrugBank.d97.s84|170-177|CRIXIVAN|brand
DDI-DrugBank.d97.s87|107-115|indinavir|drug
DDI-DrugBank.d97.s90|106-114|indinavir|drug
DDI-DrugBank.d97.s91|0-9|Vardenafil|group
DDI-DrugBank.d97.s93|108-116|indinavir|drug
DDI-DrugBank.d433.s0|10-14|Rebif|drug
DDI-DrugBank.d433.s0|61-65|Rebif|drug
DDI-DrugBank.d433.s1|104-108|Rebif|drug
DDI-DrugBank.d433.s2|65-69|Rebif|drug
DDI-DrugBank.d433.s2|214-218|Rebif|drug
DDI-DrugBank.d227.s0|88-102|nondepolarizing|drug
DDI-DrugBank.d465.s0|28-47|isosorbide dinitrate|drug
DDI-DrugBank.d163.s0|42-49|Accutane|brand
DDI-DrugBank.d163.s2|42-49|Accutane|brand
DDI-DrugBank.d163.s2|55-67|tetracyclines|drug
DDI-DrugBank.d163.s2|95-102|Accutane|brand
DDI-DrugBank.d163.s2|252-264|tetracyclines|drug
DDI-DrugBank.d163.s4|12-23|Progesterone|drug
DDI-DrugBank.d163.s4|51-62|Progesterone|drug
DDI-DrugBank.d163.s4|173-180|Accutane|drug
DDI-DrugBank.d163.s5|132-150|oral contraceptives|drug
DDI-DrugBank.d163.s6|74-86|contraception|drug
DDI-DrugBank.d163.s7|19-26|Hormonal|drug
DDI-DrugBank.d163.s7|88-95|Accutane|brand
DDI-DrugBank.d163.s8|102-114|contraception|drug
DDI-DrugBank.d163.s10|11-18|Accutane|drug
DDI-DrugBank.d163.s10|72-80|phenytoin|drug
DDI-DrugBank.d163.s11|68-79|isotretinoin|drug
DDI-DrugBank.d163.s12|0-11|Fosphenytoin|drug
DDI-DrugBank.d163.s12|33-41|Phenytoin|drug
DDI-DrugBank.d163.s13|112-120|phenytoin|drug
DDI-DrugBank.d163.s13|126-133|Accutane|brand
DDI-DrugBank.d163.s14|56-60|drugs|drug
DDI-DrugBank.d163.s16|35-49|Corticosteroids|drug
DDI-DrugBank.d163.s17|112-135|systemic corticosteroids|drug
DDI-DrugBank.d163.s17|141-148|Accutane|drug
DDI-DrugBank.d163.s18|56-58|N/A|drug
DDI-DrugBank.d163.s19|100-122|hormonal contraceptives|drug
DDI-DrugBank.d163.s21|43-74|combined hormonal contraceptives|group
DDI-DrugBank.d163.s21|103-117|St. John's Wort|drug
DDI-DrugBank.d163.s22|32-45|Pregnancy Test|drug
DDI-DrugBank.d163.s22|224-231|Accutane|brand
DDI-DrugBank.d163.s23|114-121|Accutane|brand
DDI-DrugBank.d163.s24|150-157|Accutane|drug
DDI-DrugBank.d163.s25|201-218|anticontraceptives|drug
DDI-DrugBank.d163.s26|85-93|pregnancy|drug
DDI-DrugBank.d163.s27|88-99|prescription|drug
DDI-DrugBank.d163.s29|35-46|blood lipids|drug
DDI-DrugBank.d163.s30|21-27|alcohol|brand
DDI-DrugBank.d163.s31|108-115|Accutane|brand
DDI-DrugBank.d163.s32|41-49|1 patient|drug
DDI-DrugBank.d163.s32|54-54|4|drug
DDI-DrugBank.d163.s32|59-66|Accutane|brand
DDI-DrugBank.d163.s34|254-261|Accutane|drug
DDI-DrugBank.d163.s36|33-40|Accutane|brand
DDI-DrugBank.d163.s37|26-33|diabetes|drug
DDI-DrugBank.d163.s37|62-69|Accutane|brand
DDI-DrugBank.d163.s39|66-73|Accutane|brand
DDI-DrugBank.d163.s41|46-59|rhabdomyolysis|drug
DDI-DrugBank.d81.s0|15-22|DynaCirc|brand
DDI-DrugBank.d81.s0|25-34|isradipine|drug
DDI-DrugBank.d81.s0|73-85|nitroglycerin|drug
DDI-DrugBank.d81.s1|103-110|DynaCirc|drug
DDI-DrugBank.d81.s1|143-123||drug
DDI-DrugBank.d81.s2|49-58|isradipine|drug
DDI-DrugBank.d81.s2|72-90|hydrochlorothiazide|drug
DDI-DrugBank.d81.s2|154-163|isradipine|drug
DDI-DrugBank.d81.s3|0-10|Propranolol|drug
DDI-DrugBank.d81.s3|78-88|propranolol|drug
DDI-DrugBank.d81.s3|152-161|isradipine|drug
DDI-DrugBank.d81.s4|67-70|tmax|drug
DDI-DrugBank.d81.s4|81-91|propranolol|drug
DDI-DrugBank.d81.s5|39-48|isradipine|drug
DDI-DrugBank.d81.s6|0-10|propranolol|drug
DDI-DrugBank.d81.s6|97-102|drug's|drug
DDI-DrugBank.d81.s6|165-174|isradipine|drug
DDI-DrugBank.d81.s6|213-223|propranolol|drug
DDI-DrugBank.d81.s6|238-248|propranolol|drug
DDI-DrugBank.d81.s6|287-296|isradipine|drug
DDI-DrugBank.d81.s7|67-76|cimetidine|drug
DDI-DrugBank.d81.s7|122-131|isradipine|drug
DDI-DrugBank.d81.s7|172-181|isradipine|drug
DDI-DrugBank.d81.s8|3-12|isradipine|drug
DDI-DrugBank.d81.s8|68-77|cimetidine|drug
DDI-DrugBank.d81.s9|66-75|Rifampicin|drug
DDI-DrugBank.d81.s9|125-134|isradipine|drug
DDI-DrugBank.d81.s9|163-172|isradipine|drug
DDI-DrugBank.d81.s10|3-12|rifampicin|drug
DDI-DrugBank.d81.s10|211-45||drug
DDI-DrugBank.d81.s11|122-131|isradipine|drug
DDI-DrugBank.d81.s11|137-144|warfarin|drug
DDI-DrugBank.d81.s11|294-303|isradipine|drug
DDI-DrugBank.d81.s12|8-23|racemic warfarin|drug
DDI-DrugBank.d81.s12|29-38|isradipine|drug
DDI-DrugBank.d81.s13|43-50|DynaCirc|group
DDI-DrugBank.d81.s13|53-62|isradipine|drug
DDI-DrugBank.d81.s13|69-75|digoxin|drug
DDI-DrugBank.d81.s13|175-181|digoxin|drug
DDI-DrugBank.d81.s14|65-72|fentanyl|drug
DDI-DrugBank.d81.s15|74-81|DynaCirc|brand
DDI-DrugBank.d81.s15|84-93|isradipine|drug
DDI-DrugBank.d95.s0|15-24|L-arginine|drug
DDI-DrugBank.d95.s0|69-79|cyclosporin|drug
DDI-DrugBank.d95.s1|12-21|L-arginine|drug
DDI-DrugBank.d95.s1|54-62|ibuprofen|drug
DDI-DrugBank.d95.s2|19-28|L-arginine|drug
DDI-DrugBank.d95.s3|36-45|L-arginine|drug
DDI-DrugBank.d95.s3|84-101|sildenafil citrate|drug
DDI-DrugBank.d41.s0|19-26|Charcoal|drug
DDI-DrugBank.d41.s0|46-59|cholestyramine|drug
DDI-DrugBank.d41.s0|74-81|charcoal|drug
DDI-DrugBank.d41.s0|208-218|leflunomide|drug
DDI-DrugBank.d41.s1|18-28|leflunomide|drug
DDI-DrugBank.d41.s2|35-45|leflunomide|drug
DDI-DrugBank.d41.s2|77-81|drugs|drug
DDI-DrugBank.d41.s2|93-96|drug|drug
DDI-DrugBank.d41.s3|39-43|ARAVA|drug
DDI-DrugBank.d41.s3|50-61|methotrexate|drug
DDI-DrugBank.d41.s4|90-100|leflunomide|drug
DDI-DrugBank.d41.s5|39-52|anticoagulants|group
DDI-DrugBank.d41.s6|56-60|drugs|drug
DDI-DrugBank.d41.s6|93-103|leflunomide|drug
DDI-DrugBank.d41.s7|53-59|Roegnik|drug
DDI-DrugBank.d41.s7|73-79|Roegnik|drug
DDI-DrugBank.d41.s9|107-116|diclofenac|drug
DDI-DrugBank.d41.s9|122-130|ibuprofen|drug
DDI-DrugBank.d41.s11|48-53|NSAIDs|group
DDI-DrugBank.d41.s12|112-122|Tolbutamide|drug
DDI-DrugBank.d41.s14|67-71|ARAVA|drug
DDI-DrugBank.d41.s14|113-120|Rifampin|drug
DDI-DrugBank.d41.s14|181-185|ARAVA|drug
DDI-DrugBank.d41.s15|29-33|ARAVA|drug
DDI-DrugBank.d41.s15|148-152|ARAVA|drug
DDI-DrugBank.d41.s15|158-165|rifampin|group
DDI-DrugBank.d41.s16|62-66|ARAVA|drug
DDI-DrugBank.d252.s0|9-15|BETAGAN|drug
DDI-DrugBank.d252.s0|117-123|BETAGAN|drug
DDI-DrugBank.d252.s0|129-139|epinephrine|drug
DDI-DrugBank.d252.s1|55-66|beta-blocker|drug
DDI-DrugBank.d252.s1|144-152|reserpine|drug
DDI-DrugBank.d252.s2|19-33|beta-adrenergic|drug
DDI-DrugBank.d252.s2|89-106|calcium antagonist|drug
DDI-DrugBank.d252.s4|60-68|digitalis|drug
DDI-DrugBank.d252.s5|36-66|beta-adrenergic blocking agents|drug
DDI-DrugBank.d320.s0|121-130|amide-type|drug
DDI-DrugBank.d320.s1|26-31|CYP3A4|drug
DDI-DrugBank.d320.s1|45-50|CYP1A2|drug
DDI-DrugBank.d320.s1|86-100|levobupivacaine|drug
DDI-DrugBank.d320.s1|114-128|levobupivacaine|drug
DDI-DrugBank.d320.s1|144-158|levobupivacaine|drug
DDI-DrugBank.d320.s2|57-66|Chirocaine|brand
DDI-DrugBank.d320.s2|144-153|Chirocaine|brand
DDI-DrugBank.d320.s3|86-100|levobupivacaine|drug
DDI-DrugBank.d320.s3|156-164|phenytoin|drug
DDI-DrugBank.d320.s3|167-179|phenobarbital|drug
DDI-DrugBank.d320.s3|182-189|rifampin|drug
DDI-DrugBank.d320.s3|212-229|azole antimycotics|group
DDI-DrugBank.d320.s3|238-249|ketoconazole|drug
DDI-DrugBank.d320.s4|28-42|e.g., ritanovir|group
DDI-DrugBank.d320.s5|28-39|Erythromycin|brand
DDI-DrugBank.d320.s6|4-30|calcium channel antagonists|group
DDI-DrugBank.d320.s6|38-46|verapamil|drug
DDI-DrugBank.d320.s6|49-63|CYP1A2 inducers|drug
DDI-DrugBank.d320.s6|66-75|omeprazole|drug
DDI-DrugBank.d320.s6|82-98|CYP1A2 inhibitors|group
DDI-DrugBank.d320.s6|101-111|furafylline|drug
DDI-DrugBank.d320.s6|117-130|clarithromycin|drug
DDI-DrugBank.d320.s7|40-54|levobupivacaine|drug
DDI-DrugBank.d320.s7|142-156|levobupivacaine|drug
DDI-DrugBank.d454.s0|0-9|Lofexidine|group
DDI-DrugBank.d454.s0|53-59|alcohol|drug
DDI-DrugBank.d454.s0|62-73|barbiturates|drug
DDI-DrugBank.d454.s2|2-11|Lofexidine|drug
DDI-DrugBank.d454.s2|58-61|drug|drug
DDI-DrugBank.d454.s4|19-43|tricyclic antidepressants|drug
DDI-DrugBank.d454.s4|72-81|lofexidine|drug
DDI-DrugBank.d30.s0|15-23|drug-drug|drug
DDI-DrugBank.d30.s0|98-116|hydrochlorothiazide|drug
DDI-DrugBank.d30.s0|119-125|digoxin|drug
DDI-DrugBank.d30.s0|128-135|warfarin|drug
DDI-DrugBank.d30.s0|138-147|cimetidine|drug
DDI-DrugBank.d30.s0|154-166|phenobarbital|drug
DDI-DrugBank.d30.s1|26-40|drug metabolism|drug
DDI-DrugBank.d30.s1|75-82|losartan|drug
DDI-DrugBank.d30.s2|29-36|P450 3A4|drug
DDI-DrugBank.d30.s3|46-53|losartan|drug
DDI-DrugBank.d30.s3|116-123|losartan|drug
DDI-DrugBank.d30.s4|0-10|Fluconazole|drug
DDI-DrugBank.d30.s4|95-102|losartan|drug
DDI-DrugBank.d30.s5|55-62|losartan|drug
DDI-DrugBank.d30.s6|31-38|losartan|drug
DDI-DrugBank.d30.s7|42-49|losartan|drug
DDI-DrugBank.d30.s8|81-107|Potassium-sparing diuretics|group
DDI-DrugBank.d30.s8|116-129|spironolactone|drug
DDI-DrugBank.d30.s8|132-142|triamterene|drug
DDI-DrugBank.d30.s8|145-153|amiloride|drug
DDI-DrugBank.d30.s9|70-77|losartan|drug
DDI-DrugBank.d30.s9|138-149|indomethacin|drug
DDI-DrugBank.d530.s0|61-70|phenelzine|drug
DDI-DrugBank.d530.s0|81-95|tranylcypromine|drug
DDI-DrugBank.d530.s0|109-117|pargyline|drug
DDI-DrugBank.d530.s1|19-33|L-phenylalanine|drug
DDI-DrugBank.d530.s2|13-27|L-phenylalanine|drug
DDI-DrugBank.d530.s2|61-70|selegiline|drug
DDI-DrugBank.d530.s3|20-34|L-phenylalanine|drug
DDI-DrugBank.d643.s0|42-47|drugs:|group
DDI-DrugBank.d643.s0|456-461|drugs:|group
DDI-DrugBank.d746.s0|0-8|digitalis|drug
DDI-DrugBank.d746.s0|49-57|digitalis|drug
DDI-DrugBank.d746.s0|94-102|digitalis|drug
DDI-DrugBank.d746.s1|87-108|sympathomimetic amines|drug
DDI-DrugBank.d746.s2|71-75|drugs|drug
DDI-DrugBank.d630.s0|57-63|steroid|drug
DDI-DrugBank.d630.s1|52-58|aspirin|drug
DDI-DrugBank.d630.s1|64-76|methazolamide|drug
DDI-DrugBank.d630.s1|195-201|aspirin|drug
DDI-DrugBank.d756.s0|38-44|opioids|drug
DDI-DrugBank.d756.s0|95-109|levomepromazine|drug
DDI-DrugBank.d756.s0|165-171|opioids|drug
DDI-DrugBank.d756.s1|17-24|tramadol|drug
DDI-DrugBank.d756.s2|63-77|levomepromazine|drug
DDI-DrugBank.d756.s2|93-107|benzodiazepines|drug
DDI-DrugBank.d756.s2|112-123|barbiturates|drug
DDI-DrugBank.d756.s3|63-72|substances|drug
DDI-DrugBank.d756.s4|38-52|levomepromazine|drug
DDI-DrugBank.d756.s4|238-245|glaucoma|drug
DDI-DrugBank.d756.s5|24-38|levomepromazine|drug
DDI-DrugBank.d756.s7|35-43|ephedrine|drug
DDI-DrugBank.d756.s7|45-55|amphetamine|drug
DDI-DrugBank.d756.s7|101-115|levomepromazine|drug
DDI-DrugBank.d756.s9|79-93|levomepromazine|drug
DDI-DrugBank.d756.s10|21-28|antacids|group
DDI-DrugBank.d756.s11|74-89|leveomepromazine|drug
DDI-DrugBank.d736.s0|90-98|digitalis|drug
DDI-DrugBank.d736.s1|50-57|steroids|drug
DDI-DrugBank.d736.s1|62-65|ACTH|drug
DDI-DrugBank.d736.s2|0-6|Insulin|drug
DDI-DrugBank.d736.s3|50-63|norepinephrine|drug
DDI-DrugBank.d736.s4|67-79|pressor agent|drug
DDI-DrugBank.d736.s5|9-13|drugs|drug
DDI-DrugBank.d736.s5|50-61|tubocurarine|drug
DDI-DrugBank.d736.s6|38-46|thiazides|drug
DDI-DrugBank.d736.s6|72-78|Lithium|drug
DDI-DrugBank.d736.s7|55-70|antihypertensive|group
DDI-DrugBank.d736.s8|25-74|ganglionic or peripheral adrenergic blocking drugs|group
DDI-DrugBank.d706.s0|24-28|drugs|drug
DDI-DrugBank.d706.s0|37-45|reserpine|drug
DDI-DrugBank.d706.s0|106-111|agents|drug
DDI-DrugBank.d706.s1|39-48|metoprolol|drug
DDI-DrugBank.d715.s0|44-49|DEMSER|drug
DDI-DrugBank.d715.s0|73-86|phenothiazines|drug
DDI-DrugBank.d715.s0|91-101|haloperidol|drug
DDI-DrugBank.d715.s1|18-23|DEMSER|drug
DDI-DrugBank.d640.s0|75-83|diuretics|drug
DDI-DrugBank.d640.s0|98-111|ACE inhibitors|drug
DDI-DrugBank.d640.s1|44-50|UNIVASC|brand
DDI-DrugBank.d640.s1|194-200|UNIVASC|brand
DDI-DrugBank.d640.s1|252-258|moxpril|drug
DDI-DrugBank.d640.s2|55-61|UNIVASC|group
DDI-DrugBank.d640.s3|7-33|potassium-sparing diuretics|drug
DDI-DrugBank.d640.s3|36-49|spironolactone|drug
DDI-DrugBank.d640.s3|52-62|triamterene|drug
DDI-DrugBank.d640.s3|65-73|amiloride|drug
DDI-DrugBank.d640.s4|111-125|serum potassium|drug
DDI-DrugBank.d640.s5|46-53|warfarin|drug
DDI-DrugBank.d640.s6|0-6|Lithium|drug
DDI-DrugBank.d640.s6|25-31|Lithium|drug
DDI-DrugBank.d640.s6|56-62|Lithium|drug
DDI-DrugBank.d640.s6|149-155|Lithium|drug
DDI-DrugBank.d640.s7|6-10|drugs|group
DDI-DrugBank.d640.s7|84-90|Lithium|drug
DDI-DrugBank.d640.s8|5-12|diuretic|drug
DDI-DrugBank.d640.s8|40-46|Lithium|drug
DDI-DrugBank.d640.s9|81-87|UNIVASC|drug
DDI-DrugBank.d640.s9|125-143|hydrochlorothiazide|drug
DDI-DrugBank.d640.s9|146-152|digoxin|drug
DDI-DrugBank.d640.s9|158-167|cimetidine|drug
DDI-DrugBank.d640.s10|63-93|calcium-channel-blocking agents|drug
DDI-DrugBank.d640.s10|96-104|diuretics|drug
DDI-DrugBank.d640.s10|107-117|H2 blockers|drug
DDI-DrugBank.d640.s10|120-126|Digoxin|drug
DDI-DrugBank.d640.s10|129-152|oral hypoglycemic agents|drug
DDI-DrugBank.d640.s10|159-185|cholesterol-lowering agents|drug
DDI-DrugBank.d580.s0|58-75|ASMANEX TWISTHALER|drug
DDI-DrugBank.d580.s1|9-20|ketoconazole|drug
DDI-DrugBank.d580.s1|96-113|mometasone furoate|drug
DDI-DrugBank.d739.s0|17-21|10 mg|drug
DDI-DrugBank.d739.s1|48-55|warfarin|drug
DDI-DrugBank.d739.s1|58-72|Cytochrome P450|group
DDI-DrugBank.d739.s1|130-137|warfarin|drug
DDI-DrugBank.d739.s1|171-200|International Normalized Ratio|group
DDI-DrugBank.d739.s2|82-88|digoxin|drug
DDI-DrugBank.d739.s3|53-63|terfenadine|drug
DDI-DrugBank.d739.s3|105-116|fexofenadine|drug
DDI-DrugBank.d739.s3|218-228|terfenadine|drug
DDI-DrugBank.d739.s4|192-204|norethindrone|drug
DDI-DrugBank.d739.s4|211-227|ethinyl estradiol|drug
DDI-DrugBank.d739.s5|72-81|prednisone|drug
DDI-DrugBank.d739.s5|86-97|prednisolone|drug
DDI-DrugBank.d739.s5|139-148|prednisone|drug
DDI-DrugBank.d739.s5|165-176|prednisolone|drug
DDI-DrugBank.d739.s6|0-12|Phenobarbital|drug
DDI-DrugBank.d739.s6|70-80|montelukast|drug
DDI-DrugBank.d739.s6|133-143|montelukast|drug
DDI-DrugBank.d739.s7|25-35|montelukast|drug
DDI-DrugBank.d739.s8|112-124|phenobarbital|drug
DDI-DrugBank.d739.s8|129-136|rifampin|drug
DDI-DrugBank.d739.s8|164-174|montelukast|drug
DDI-DrugBank.d739.s9|114-119|asthma|drug
DDI-DrugBank.d739.s10|62-72|montelukast|drug
DDI-DrugBank.d739.s10|271-281|terfenadine|drug
DDI-DrugBank.d739.s10|284-290|digoxin|drug
DDI-DrugBank.d739.s11|69-79|montelukast|drug
DDI-DrugBank.d739.s12|27-42|thyroid hormones|drug
DDI-DrugBank.d739.s12|105-119|benzodiazepines|drug
DDI-DrugBank.d739.s13|0-12|Phenobarbital|drug
DDI-DrugBank.d739.s13|70-80|montelukast|drug
DDI-DrugBank.d739.s13|133-143|montelukast|drug
DDI-DrugBank.d739.s14|25-35|montelukast|drug
DDI-DrugBank.d739.s15|112-124|phenobarbital|drug
DDI-DrugBank.d739.s15|129-136|rifampin|drug
DDI-DrugBank.d739.s15|164-174|montelukast|drug
DDI-DrugBank.d346.s0|50-54|REVIA|drug
DDI-DrugBank.d346.s0|60-83|drugs other than opiates|group
DDI-DrugBank.d346.s1|70-74|REVIA|drug
DDI-DrugBank.d346.s2|46-50|REVIA|drug
DDI-DrugBank.d346.s2|56-65|disulfiram|drug
DDI-DrugBank.d346.s3|62-66|REVIA|brand
DDI-DrugBank.d346.s3|72-83|thioridazine|drug
DDI-DrugBank.d346.s4|16-20|REVIA|drug
DDI-DrugBank.d346.s5|31-36|opioid|drug
DDI-DrugBank.d346.s5|92-96|REVIA|brand
DDI-DrugBank.d346.s5|113-118|opioid|drug
DDI-DrugBank.d14.s0|4-16|nitroglycerin|drug
DDI-DrugBank.d14.s2|0-23|calcium channel blockers|group
DDI-DrugBank.d14.s2|29-44|organic nitrates|group
DDI-DrugBank.d14.s3|36-41|agents|group
DDI-DrugBank.d475.s0|43-52|nizatidine|drug
DDI-DrugBank.d475.s1|56-59|drug|drug
DDI-DrugBank.d475.s2|11-14|drug|drug
DDI-DrugBank.d475.s3|35-41|aspirin|drug
DDI-DrugBank.d475.s3|103-112|nizatidine|drug
DDI-DrugBank.d761.s0|84-90|XENICAL|drug
DDI-DrugBank.d761.s0|108-114|alcohol|drug
DDI-DrugBank.d761.s0|287-294|orlistat|drug
DDI-DrugBank.d761.s1|50-61|cyclosporine|drug
DDI-DrugBank.d761.s1|110-121|cyclosporine|drug
DDI-DrugBank.d761.s1|174-185|cyclosporine|drug
DDI-DrugBank.d761.s2|48-54|XENICAL|brand
DDI-DrugBank.d761.s2|93-99|XENICAL|brand
DDI-DrugBank.d761.s2|156-162|digoxin|drug
DDI-DrugBank.d761.s3|109-121|beta-carotene|drug
DDI-DrugBank.d761.s3|182-188|XENICAL|brand
DDI-DrugBank.d761.s4|34-50|vitamin E acetate|drug
DDI-DrugBank.d761.s5|14-21|orlistat|drug
DDI-DrugBank.d761.s6|50-57|orlistat|drug
DDI-DrugBank.d761.s6|95-102|orlistat|drug
DDI-DrugBank.d761.s6|187-195|Glyburide|drug
DDI-DrugBank.d761.s7|78-84|XENICAL|drug
DDI-DrugBank.d761.s7|123-129|XENICAL|drug
DDI-DrugBank.d761.s7|168-177|nifedipine|drug
DDI-DrugBank.d761.s8|75-81|XENICAL|drug
DDI-DrugBank.d761.s9|0-8|Phenytoin|drug
DDI-DrugBank.d761.s9|50-56|XENICAL|brand
DDI-DrugBank.d761.s9|95-101|XENICAL|brand
DDI-DrugBank.d761.s9|165-173|Phenytoin|drug
DDI-DrugBank.d761.s10|0-6|XENICAL|drug
DDI-DrugBank.d761.s10|104-114|Pravastatin|drug
DDI-DrugBank.d761.s10|117-123|XENICAL|drug
DDI-DrugBank.d761.s10|164-174|Pravastatin|drug
DDI-DrugBank.d761.s11|58-64|XENICAL|brand
DDI-DrugBank.d761.s12|9-37|undercarboxylated osteocalcin|drug
DDI-DrugBank.d761.s13|57-63|XENICAL|brand
DDI-DrugBank.d761.s13|102-109|warfarin|drug
DDI-DrugBank.d761.s13|130-136|XENICAL|brand
DDI-DrugBank.d744.s0|63-69|insulin|drug
DDI-DrugBank.d744.s0|78-101|oral hypoglycemic agents|drug
DDI-DrugBank.d744.s0|196-203|SOMAVERT|drug
DDI-DrugBank.d744.s1|33-39|opioids|drug
DDI-DrugBank.d744.s1|67-77|Pegvisomant|drug
DDI-DrugBank.d744.s1|172-178|opioids|drug
DDI-DrugBank.d671.s0|19-24|CYLERT|group
DDI-DrugBank.d671.s0|27-34|pemoline|drug
DDI-DrugBank.d671.s1|27-32|CYLERT|brand
DDI-DrugBank.d671.s2|68-73|CYLERT|drug
DDI-DrugBank.d635.s0|97-112|MAXAIR AUTOHALER|brand
DDI-DrugBank.d622.s0|5-12|atropine|drug
DDI-DrugBank.d622.s0|18-28|Pralidoxime|drug
DDI-DrugBank.d622.s0|189-196|atropine|drug
DDI-DrugBank.d622.s1|45-52|atropine|drug
DDI-DrugBank.d622.s1|95-105|pralidoxime|drug
DDI-DrugBank.d622.s2|75-92|anticholinesterase|drug
DDI-DrugBank.d622.s2|154-164|pralidoxime|drug
DDI-DrugBank.d622.s2|209-227|anticholinesterases|drug
DDI-DrugBank.d622.s3|31-42|Theophylline|drug
DDI-DrugBank.d622.s3|45-57|Aminophylline|drug
DDI-DrugBank.d622.s3|60-74|Succinylcholine|drug
DDI-DrugBank.d622.s3|77-83|Respine|drug
DDI-DrugBank.d622.s3|90-121|Phenothiazine-type tranquilizers|drug
DDI-DrugBank.d737.s0|0-8|Carbidopa|drug
DDI-DrugBank.d737.s0|10-17|Levodopa|drug
DDI-DrugBank.d737.s0|20-28|Carbidopa|drug
DDI-DrugBank.d737.s0|30-37|Levodopa|drug
DDI-DrugBank.d737.s0|82-92|Pramipexole|drug
DDI-DrugBank.d737.s2|0-9|Selegiline|drug
DDI-DrugBank.d737.s2|43-52|selegiline|drug
DDI-DrugBank.d737.s2|96-106|pramipexole|drug
DDI-DrugBank.d737.s3|0-9|Amantadine|drug
DDI-DrugBank.d737.s3|62-71|amantadine|drug
DDI-DrugBank.d737.s3|116-126|Pramipexole|drug
DDI-DrugBank.d737.s4|12-21|Cimetidine|drug
DDI-DrugBank.d737.s4|146-156|Pramipexole|drug
DDI-DrugBank.d737.s5|12-21|probenecid|drug
DDI-DrugBank.d737.s5|144-154|pramipexole|drug
DDI-DrugBank.d737.s6|178-187|cimetidine|drug
DDI-DrugBank.d737.s6|190-199|ranitidine|drug
DDI-DrugBank.d737.s6|202-210|diltiazem|drug
DDI-DrugBank.d737.s6|213-223|triamterene|drug
DDI-DrugBank.d737.s6|226-234|verapamil|drug
DDI-DrugBank.d737.s6|237-245|quinidine|drug
DDI-DrugBank.d737.s6|252-258|quinine|drug
DDI-DrugBank.d737.s6|293-303|pramipexole|drug
DDI-DrugBank.d737.s6|379-392|cephalosporins|drug
DDI-DrugBank.d737.s6|395-405|penicillins|drug
DDI-DrugBank.d737.s6|408-419|indomethacin|drug
DDI-DrugBank.d737.s6|422-440|hydrochlorothiazide|drug
DDI-DrugBank.d737.s6|447-460|chlorpropamide|drug
DDI-DrugBank.d737.s6|521-531|pramipexole|drug
DDI-DrugBank.d737.s7|88-98|pramipexole|drug
DDI-DrugBank.d737.s7|120-130|pramipexole|drug
DDI-DrugBank.d737.s8|0-10|Pramipexole|drug
DDI-DrugBank.d737.s9|80-90|pramipexole|drug
DDI-DrugBank.d737.s9|204-210|Mirapex|brand
DDI-DrugBank.d737.s10|28-38|pramipexole|drug
DDI-DrugBank.d737.s10|131-175|phenothiazines, butyrophenones, thioxanthenes|group
DDI-DrugBank.d737.s10|181-194|metoclopramide|drug
DDI-DrugBank.d737.s11|34-40|MIRAPEX|brand
DDI-DrugBank.d632.s0|100-104|drugs|drug
DDI-DrugBank.d632.s0|144-165|anticholinergic agents|group
DDI-DrugBank.d632.s0|260-287|alpha glucosidase inhibitors|group
DDI-DrugBank.d632.s1|21-25|drugs|group
DDI-DrugBank.d632.s2|79-94|oral medications|drug
DDI-DrugBank.d632.s3|116-125|analgesics|drug
DDI-DrugBank.d632.s4|43-55|sulfonylureas|group
DDI-DrugBank.d632.s4|60-69|biguanides|group
DDI-DrugBank.d632.s5|74-79|SYMLIN|brand
DDI-DrugBank.d632.s5|105-123|antidiabetic agents|drug
DDI-DrugBank.d632.s6|7-12|SYMLIN|brand
DDI-DrugBank.d632.s6|60-65|SYMLIN|brand
DDI-DrugBank.d632.s7|6-11|SYMLIN|group
DDI-DrugBank.d632.s7|17-23|insulin|drug
DDI-DrugBank.d734.s0|82-95|phenothiazines|drug
DDI-DrugBank.d734.s1|28-39|Guanethidine|drug
DDI-DrugBank.d734.s1|88-101|Phenothiazines|brand
DDI-DrugBank.d734.s2|30-40|propranolol|drug
DDI-DrugBank.d734.s2|47-60|phenothiazines|drug
DDI-DrugBank.d590.s0|20-25|TRITEC|group
DDI-DrugBank.d590.s0|32-45|clarithromycin|brand
DDI-DrugBank.d590.s0|76-86|r Anatidine|drug
DDI-DrugBank.d590.s0|127-133|bismuth|brand
DDI-DrugBank.d590.s0|191-204|clarithromycin|brand
DDI-DrugBank.d590.s1|22-28|aspirin|brand
DDI-DrugBank.d590.s2|111-120|ranitidine|drug
DDI-DrugBank.d590.s2|164-169|TRITEC|brand
DDI-DrugBank.d590.s4|19-22|drug|group
DDI-DrugBank.d590.s4|53-58|ZANTAC|brand
DDI-DrugBank.d654.s0|26-37|ketoconazole|drug
DDI-DrugBank.d654.s1|32-42|retapamulin|drug
DDI-DrugBank.d654.s1|110-120|retapamulin|drug
DDI-DrugBank.d654.s1|191-202|ketoconazole|drug
DDI-DrugBank.d654.s2|114-120|ALTABAX|brand
DDI-DrugBank.d654.s2|123-133|retapamulin|drug
DDI-DrugBank.d654.s3|40-46|ALTABAX|drug
DDI-DrugBank.d124.s0|0-3|DRUG|drug
DDI-DrugBank.d124.s1|8-11|drug|drug
DDI-DrugBank.d124.s2|18-26|FORTOVASE|group
DDI-DrugBank.d124.s2|58-65|INVIRASE|group
DDI-DrugBank.d124.s2|93-100|INVIRASE|group
DDI-DrugBank.d124.s3|8-16|ritonavir|drug
DDI-DrugBank.d124.s3|102-110|ritonavir|drug
DDI-DrugBank.d124.s4|18-27|saquinavir|drug
DDI-DrugBank.d124.s5|14-24|sauquinavir|drug
DDI-DrugBank.d124.s5|61-74|P-Glycoprotein|drug
DDI-DrugBank.d124.s5|79-92|P-Glycoprotein|group
DDI-DrugBank.d124.s6|11-15|drugs|drug
DDI-DrugBank.d124.s6|83-92|saquinavir|drug
DDI-DrugBank.d124.s7|11-20|saquinavir|brand
DDI-DrugBank.d124.s8|141-157|CONTRAINDICATIONS|drug
DDI-DrugBank.d124.s9|11-15|drugs|group
DDI-DrugBank.d124.s9|68-75|INVIRASE|drug
DDI-DrugBank.d124.s9|81-89|ritonavir|drug
DDI-DrugBank.d124.s10|42-45|drug|drug
DDI-DrugBank.d124.s11|10-15|agents|group
DDI-DrugBank.d124.s12|45-52|INVIRASE|group
DDI-DrugBank.d124.s12|54-62|Ritonavir|drug
DDI-DrugBank.d124.s13|0-10|Drug Class:|drug
DDI-DrugBank.d124.s13|12-20|Drug Name|drug
DDI-DrugBank.d124.s13|23-38|Clinical Comment|drug
DDI-DrugBank.d124.s14|17-26|Amiodarone|drug
DDI-DrugBank.d124.s14|29-36|bepridil|drug
DDI-DrugBank.d124.s14|39-48|flecainide|drug
DDI-DrugBank.d124.s14|51-61|propafenone|drug
DDI-DrugBank.d124.s14|64-72|quinidine|drug
DDI-DrugBank.d124.s16|19-35|Dihydroergotamine|drug
DDI-DrugBank.d124.s16|38-47|ergonovine|drug
DDI-DrugBank.d124.s16|50-59|Ergotamine|drug
DDI-DrugBank.d124.s16|62-77|Methylergonovine|drug
DDI-DrugBank.d124.s17|26-33|rifampin|drug
DDI-DrugBank.d124.s17|99-108|saquinavir|drug
DDI-DrugBank.d124.s17|176-185|saquinavir|drug
DDI-DrugBank.d124.s18|64-73|saquinavir|drug
DDI-DrugBank.d124.s18|147-156|saquinavir|drug
DDI-DrugBank.d124.s19|50-67|INVIRASE/ritonavir|group
DDI-DrugBank.d124.s19|72-90|FORTOVASE/ritonavir|group
DDI-DrugBank.d124.s20|19-27|cisapride|drug
DDI-DrugBank.d124.s21|17-31|St. John's wort|drug
DDI-DrugBank.d124.s21|34-53|hypericum perforatum|drug
DDI-DrugBank.d124.s22|30-39|lovastatin|drug
DDI-DrugBank.d124.s22|42-52|simvastatin|drug
DDI-DrugBank.d124.s23|21-29|triazolam|drug
DDI-DrugBank.d124.s23|32-40|midazolam|drug
DDI-DrugBank.d124.s25|0-42|Drugs That Are Mainly Metabolized by CYP3A4|group
DDI-DrugBank.d124.s26|73-115|drugs that are mainly metabolized by CYP3A4|drug
DDI-DrugBank.d124.s26|397-406|saquinavir|drug
DDI-DrugBank.d124.s27|50-56|caution|drug
DDI-DrugBank.d124.s28|6-13|INVIRASE|group
DDI-DrugBank.d124.s28|38-46|ritonavir|drug
DDI-DrugBank.d124.s28|53-61|ritonavir|drug
DDI-DrugBank.d124.s30|74-86|phenobarbital|drug
DDI-DrugBank.d124.s30|89-97|phenytoin|drug
DDI-DrugBank.d124.s30|100-112|dexamethasone|drug
DDI-DrugBank.d124.s30|115-127|carbamazepine|drug
DDI-DrugBank.d124.s30|171-180|saquinavir|drug
DDI-DrugBank.d694.s0|124-130|digoxin|drug
DDI-DrugBank.d694.s0|169-179|sitagliptin|drug
DDI-DrugBank.d694.s1|19-25|Digoxin|drug
DDI-DrugBank.d694.s2|24-30|Digoxin|drug
DDI-DrugBank.d694.s2|35-41|JANUVIA|brand
DDI-DrugBank.d65.s0|49-54|silver|group
DDI-DrugBank.d179.s1|54-64|antibiotics|group
DDI-DrugBank.d179.s1|83-95|Acetaminophen|drug
DDI-DrugBank.d179.s2|33-41|Cordarone|brand
DDI-DrugBank.d179.s3|19-35|anabolic steroids|group
DDI-DrugBank.d179.s3|57-64|Anabolin|brand
DDI-DrugBank.d179.s3|87-92|Anavar|brand
DDI-DrugBank.d179.s3|116-122|Anadrol|brand
DDI-DrugBank.d179.s4|11-23|male hormones|group
DDI-DrugBank.d179.s5|0-51|Antithyroid agents (medicine for overactive thyroid)|group
DDI-DrugBank.d179.s6|2-14|Carbamazepine|drug
DDI-DrugBank.d179.s6|23-30|Tegretol|brand
DDI-DrugBank.d179.s7|2-11|Carmustine|group
DDI-DrugBank.d179.s8|2-12|Chloroquine|group
DDI-DrugBank.d179.s8|15-20|Aralen|brand
DDI-DrugBank.d179.s9|2-11|Dantrolene|group
DDI-DrugBank.d179.s9|14-21|Dantrium|brand
DDI-DrugBank.d179.s10|20-29|Cerubidine|brand
DDI-DrugBank.d179.s11|2-11|Disulfiram|drug
DDI-DrugBank.d179.s12|2-11|Divalproex|group
DDI-DrugBank.d179.s12|20-27|Depakote|brand
DDI-DrugBank.d179.s13|2-10|Estrogens|group
DDI-DrugBank.d179.s13|13-27|female hormones|group
DDI-DrugBank.d179.s14|18-24|Tegison|brand
DDI-DrugBank.d179.s15|2-11|Gold salts|group
DDI-DrugBank.d179.s16|0-56|Hypnotics/Anxiolytics/Sedatives/Antipsychotics/Sleep Aids|group
DDI-DrugBank.d179.s16|109-117|Plaquenil|drug
DDI-DrugBank.d179.s17|2-15|Mercaptopurine|group
DDI-DrugBank.d179.s17|24-33|Purinethol|drug
DDI-DrugBank.d179.s18|2-11|Naltrexone|drug
DDI-DrugBank.d179.s19|21-39|birth control pills|group
DDI-DrugBank.d179.s19|53-60|estrogen|drug
DDI-DrugBank.d179.s20|8-22|anti-infectives|group
DDI-DrugBank.d179.s20|50-71|medicine for infection|group
DDI-DrugBank.d179.s21|16-29|antipsychotics|group
DDI-DrugBank.d179.s21|33-46|acetophenazine|drug
DDI-DrugBank.d179.s21|48-53|Tindal|brand
DDI-DrugBank.d179.s21|57-70|chlorpromazine|drug
DDI-DrugBank.d179.s21|72-80|Thorazine|brand
DDI-DrugBank.d179.s21|84-95|fluphenazine|drug
DDI-DrugBank.d179.s21|97-104|Prolixin|brand
DDI-DrugBank.d179.s21|108-119|mesoridazine|drug
DDI-DrugBank.d179.s21|121-128|Serentil|brand
DDI-DrugBank.d179.s21|132-143|perphenazine|drug
DDI-DrugBank.d179.s21|145-152|Trilafon|brand
DDI-DrugBank.d179.s21|186-194|Compazine|brand
DDI-DrugBank.d179.s21|221-227|Sparine|brand
DDI-DrugBank.d179.s21|257-265|Phenergan|brand
DDI-DrugBank.d179.s21|295-302|Mellaril|brand
DDI-DrugBank.d179.s21|306-171||drug
DDI-DrugBank.d179.s21|322-330|Stelazine|brand
DDI-DrugBank.d179.s21|363-369|Vesprin|brand
DDI-DrugBank.d179.s21|399-405|Temaril|brand
DDI-DrugBank.d179.s22|2-12|Plicamycins|group
DDI-DrugBank.d179.s22|21-29|Mithracin|drug
DDI-DrugBank.d179.s23|2-14|Valproic acid|group
DDI-DrugBank.d179.s23|23-30|Depakene|brand
DDI-DrugBank.d179.s24|2-10|Lithostat|group
DDI-DrugBank.d179.s25|2-11|Dapsone or|group
DDI-DrugBank.d179.s26|2-13|Furazolidone|drug
DDI-DrugBank.d179.s27|2-15|Nitrofurantoin|group
DDI-DrugBank.d179.s28|2-11|Primaquine|drug
DDI-DrugBank.d179.s29|2-13|Procainamide|drug
DDI-DrugBank.d179.s30|2-10|Quinidine|drug
DDI-DrugBank.d179.s31|0-6|Quinine|drug
DDI-DrugBank.d179.s31|15-21|Quinamm|brand
DDI-DrugBank.d179.s32|2-10|Sulfoxone|group
DDI-DrugBank.d179.s32|13-16|e.g.|group
DDI-DrugBank.d179.s32|19-25|Diasone|brand
DDI-DrugBank.d179.s33|11-22|AquaMEPHYTON|group
DDI-DrugBank.d179.s33|25-34|Synkayvite|group
DDI-DrugBank.d179.s33|45-57|sulfapyridine|drug
DDI-DrugBank.d179.s34|2-15|Anticoagulants|group
DDI-DrugBank.d179.s34|18-31|blood thinners|group
DDI-DrugBank.d179.s35|25-32|Peganone|brand
DDI-DrugBank.d179.s36|2-12|Mephenytoin|brand
DDI-DrugBank.d179.s36|15-28|e.g. Mesantoin|drug
DDI-DrugBank.d179.s36|38-50|sulfapyridine|drug
DDI-DrugBank.d179.s37|21-37|diabetes medicine|drug
DDI-DrugBank.d179.s37|70-82|antidiabetics|drug
DDI-DrugBank.d179.s37|89-101|Sulfapyridine|brand
DDI-DrugBank.d179.s37|195-207|antidiabetics|drug
DDI-DrugBank.d179.s38|20-25|Mexate|drug
DDI-DrugBank.d179.s38|53-65|sulfapyridine|drug
DDI-DrugBank.d179.s38|154-165|methotrexate|drug
DDI-DrugBank.d179.s39|12-21|Methyldopa|drug
DDI-DrugBank.d179.s39|28-34|Aldomet|drug
DDI-DrugBank.d179.s39|44-53|Methyldopa|drug
DDI-DrugBank.d179.s39|60-72|Sulfapyridine|drug
DDI-DrugBank.d179.s40|2-10|Phenytoin|brand
DDI-DrugBank.d179.s40|13-25|e.g. Dilantin|drug
DDI-DrugBank.d179.s40|35-43|Phenytoin|brand
DDI-DrugBank.d179.s40|50-62|sulfapyridine|drug
DDI-DrugBank.d179.s40|151-159|Phenytoin|brand
DDI-DrugBank.d639.s0|21-26|SUTENT|drug
DDI-DrugBank.d639.s0|235-243|sunitinib|drug
DDI-DrugBank.d639.s1|54-59|SUTENT|drug
DDI-DrugBank.d639.s2|21-26|SUTENT|drug
DDI-DrugBank.d639.s2|70-82|dexamethasone|drug
DDI-DrugBank.d639.s2|85-93|phenytoin|drug
DDI-DrugBank.d639.s2|96-108|carbamazepine|drug
DDI-DrugBank.d639.s2|111-118|rifampin|drug
DDI-DrugBank.d639.s2|145-129||drug
DDI-DrugBank.d639.s2|157-141||drug
DDI-DrugBank.d639.s2|201-156||drug
DDI-DrugBank.d639.s4|0-9|Johns Wort|drug
DDI-DrugBank.d639.s4|24-29|SUTENT|drug
DDI-DrugBank.d639.s5|19-24|SUTENT|brand
DDI-DrugBank.d639.s7|70-75|CYP3A4|drug
DDI-DrugBank.d723.s0|39-51|acetylcholine|drug
DDI-DrugBank.d723.s0|63-69|Miochol|drug
DDI-DrugBank.d723.s0|76-84|carbachol|drug
DDI-DrugBank.d723.s0|88-96|Carboptic|drug
DDI-DrugBank.d723.s0|159-114||drug
DDI-DrugBank.d704.s0|0-8|Drug-Drug|drug
DDI-DrugBank.d704.s0|27-41|pharmacokinetic|drug
DDI-DrugBank.d704.s0|47-61|pharmacodynamic|drug
DDI-DrugBank.d704.s1|42-47|FLOMAX|drug
DDI-DrugBank.d704.s2|40-49|cimetidine|drug
DDI-DrugBank.d704.s2|55-60|FLOMAX|brand
DDI-DrugBank.d704.s3|44-53|tamsulosin|drug
DDI-DrugBank.d704.s4|11-16|FLOMAX|drug
DDI-DrugBank.d704.s4|75-84|cimetidine|drug
DDI-DrugBank.d704.s5|42-62|drug-drug interaction|drug
DDI-DrugBank.d704.s5|80-93|tamsulosin HCl|drug
DDI-DrugBank.d704.s5|99-106|warfarin|drug
DDI-DrugBank.d704.s6|74-81|warfarin|drug
DDI-DrugBank.d704.s6|87-92|FLOMAX|drug
DDI-DrugBank.d658.s0|32-43|testolactone|drug
DDI-DrugBank.d658.s1|19-32|anticoagulants|group
DDI-DrugBank.d658.s2|35-46|testolactone|drug
DDI-DrugBank.d658.s2|72-80|estradiol|drug
DDI-DrugBank.d658.s2|124-132|estradiol|drug
DDI-DrugBank.d766.s0|6-17|trimetrexate|drug
DDI-DrugBank.d766.s0|184-195|trimetrexate|drug
DDI-DrugBank.d766.s1|41-52|trimetrexate|drug
DDI-DrugBank.d766.s1|186-196|fluconazole|drug
DDI-DrugBank.d766.s2|56-65|cimetidine|drug
DDI-DrugBank.d766.s2|101-112|trimetrexate|drug
DDI-DrugBank.d766.s2|134-146|acetaminophen|drug
DDI-DrugBank.d766.s2|186-197|trimetrexate|drug
DDI-DrugBank.d766.s3|38-67|nitrogen substituted imidazole|drug
DDI-DrugBank.d766.s3|76-87|clotrimazole|drug
DDI-DrugBank.d766.s3|90-101|ketoconazole|drug
DDI-DrugBank.d766.s3|104-113|miconazole|drug
DDI-DrugBank.d766.s3|159-170|trimetrexate|drug
DDI-DrugBank.d766.s4|30-34|drugs|group
DDI-DrugBank.d766.s4|40-51|trimetrexate|drug
DDI-DrugBank.d328.s0|4-13|valdecoxib|drug
DDI-DrugBank.d328.s0|124-135|prodrug form|drug
DDI-DrugBank.d328.s1|46-52|prodrug|drug
DDI-DrugBank.d328.s1|113-122|valdecoxib|drug
DDI-DrugBank.d328.s2|20-29|valdecoxib|drug
DDI-DrugBank.d328.s2|72-78|CYP 3A4|drug
DDI-DrugBank.d328.s2|84-90|CYP 2C9|drug
DDI-DrugBank.d328.s3|31-40|valdecoxib|drug
DDI-DrugBank.d328.s4|0-6|Aspirin|drug
DDI-DrugBank.d328.s4|39-45|aspirin|drug
DDI-DrugBank.d328.s4|52-61|valdecoxib|drug
DDI-DrugBank.d328.s4|142-151|valdecoxib|drug
DDI-DrugBank.d328.s5|44-53|valdecoxib|drug
DDI-DrugBank.d328.s5|79-85|aspirin|brand
DDI-DrugBank.d328.s6|20-23|drug|drug
DDI-DrugBank.d328.s6|85-94|valdecoxib|drug
DDI-DrugBank.d328.s6|134-143|valdecoxib|drug
DDI-DrugBank.d328.s6|171-177|aspirin|drug
DDI-DrugBank.d328.s7|14-23|Valdecoxib|drug
DDI-DrugBank.d328.s7|114-125|Methotrexate|drug
DDI-DrugBank.d328.s8|87-100|ACE-inhibitors|drug
DDI-DrugBank.d328.s9|66-71|BEXTRA|drug
DDI-DrugBank.d328.s10|86-91|NSAIDs|drug
DDI-DrugBank.d328.s10|130-139|furosemide|drug
DDI-DrugBank.d328.s11|57-70|prostaglandins|group
DDI-DrugBank.d328.s12|17-25|Phenytoin|group
DDI-DrugBank.d328.s12|67-76|valdecoxib|drug
DDI-DrugBank.d328.s12|191-199|Phenytoin|drug
DDI-DrugBank.d328.s12|204-210|CYP 3A4|group
DDI-DrugBank.d328.s13|31-40|valdecoxib|drug
DDI-DrugBank.d328.s13|103-111|phenytoin|drug
DDI-DrugBank.d328.s14|86-94|phenytoin|drug
DDI-DrugBank.d328.s14|97-126|CYP 2C9 and CYP 2C19 substrate|group
DDI-DrugBank.d328.s15|36-50|anticonvulsants|group
DDI-DrugBank.d328.s16|57-62|BEXTRA|drug
DDI-DrugBank.d328.s17|18-33|Dextromethorphan|drug
DDI-DrugBank.d328.s18|22-31|valdecoxib|drug
DDI-DrugBank.d328.s18|158-167|valdecoxib|drug
DDI-DrugBank.d328.s19|8-23|dextromethorphan|drug
DDI-DrugBank.d328.s19|80-89|valdecoxib|drug
DDI-DrugBank.d328.s20|9-18|Valdecoxib|drug
DDI-DrugBank.d328.s20|75-81|Lithium|drug
DDI-DrugBank.d328.s20|176-182|Lithium|drug
DDI-DrugBank.d328.s21|98-103|BEXTRA|brand
DDI-DrugBank.d328.s21|127-133|Lithium|drug
DDI-DrugBank.d328.s22|8-16|carbonate|drug
DDI-DrugBank.d328.s22|59-68|valdecoxib|drug
DDI-DrugBank.d328.s23|24-33|valdecoxib|drug
DDI-DrugBank.d328.s23|66-73|warfarin|drug
DDI-DrugBank.d328.s23|145-150|BEXTRA|brand
DDI-DrugBank.d328.s24|0-9|Valdecoxib|drug
DDI-DrugBank.d328.s24|207-214|warfarin|drug
DDI-DrugBank.d328.s25|76-85|valdecoxib|drug
DDI-DrugBank.d328.s26|114-119|BEXTRA|drug
DDI-DrugBank.d328.s26|163-176|anticoagulants|group
DDI-DrugBank.d328.s27|0-10|Fluconazole|drug
DDI-DrugBank.d328.s27|16-27|Ketoconazole|drug
DDI-DrugBank.d328.s27|30-41|Ketoconazole|drug
DDI-DrugBank.d328.s27|47-57|fluconazole|drug
DDI-DrugBank.d328.s28|42-51|valdecoxib|drug
DDI-DrugBank.d328.s28|82-93|ketoconazole|drug
DDI-DrugBank.d328.s28|99-109|fluconazole|drug
DDI-DrugBank.d328.s28|158-167|valdecoxib|drug
DDI-DrugBank.d328.s29|25-34|valdecoxib|drug
DDI-DrugBank.d328.s29|79-89|fluconazole|drug
DDI-DrugBank.d328.s29|124-135|ketoconazole|drug
DDI-DrugBank.d328.s30|11-19|Glyburide|drug
DDI-DrugBank.d328.s31|20-29|valdecoxib|drug
DDI-DrugBank.d328.s31|59-67|glyburide|drug
DDI-DrugBank.d328.s31|142-150|glyburide|drug
DDI-DrugBank.d328.s32|20-29|valdecoxib|drug
DDI-DrugBank.d328.s32|80-88|glyburide|drug
DDI-DrugBank.d328.s32|216-224|glyburide|drug
DDI-DrugBank.d328.s33|20-29|valdecoxib|drug
DDI-DrugBank.d328.s33|80-88|glyburide|drug
DDI-DrugBank.d328.s35|47-56|valdecoxib|drug
DDI-DrugBank.d328.s35|197-205|glyburide|drug
DDI-DrugBank.d328.s35|236-245|valdecoxib|drug
DDI-DrugBank.d328.s36|20-28|glyburide|drug
DDI-DrugBank.d328.s36|59-68|valdecoxib|drug
DDI-DrugBank.d328.s37|12-21|Omeprazole|drug
DDI-DrugBank.d328.s38|47-55|40 mg BID|drug
DDI-DrugBank.d328.s38|113-122|omeprazole|drug
DDI-DrugBank.d328.s38|125-132|40 mg QD|drug
DDI-DrugBank.d328.s39|22-31|valdecoxib|drug
DDI-DrugBank.d328.s39|55-64|omeprazole|drug
DDI-DrugBank.d328.s40|102-111|omeprazole|drug
DDI-DrugBank.d328.s40|117-126|valdecoxib|drug
DDI-DrugBank.d328.s41|51-60|omeprazole|drug
DDI-DrugBank.d328.s41|135-144|omeprazole|drug
DDI-DrugBank.d328.s42|20-29|valdecoxib|drug
DDI-DrugBank.d328.s42|63-72|omeprazole|drug
DDI-DrugBank.d328.s43|21-30|Valdecoxib|drug
DDI-DrugBank.d328.s43|112-124|norethindrone|drug
DDI-DrugBank.d328.s43|126-142|ethinyl estradiol|drug
DDI-DrugBank.d328.s44|20-29|valdecoxib|drug
DDI-DrugBank.d328.s44|79-91|norethindrone|drug
DDI-DrugBank.d328.s44|97-113|ethinyl estradiol|drug
DDI-DrugBank.d328.s46|29-41|norethindrone|drug
DDI-DrugBank.d328.s46|47-63|ethinyl estradiol|drug
DDI-DrugBank.d328.s46|154-163|valdecoxib|drug
DDI-DrugBank.d328.s47|10-17|Diazepam|drug
DDI-DrugBank.d328.s48|19-26|diazepam|drug
DDI-DrugBank.d328.s48|89-98|valdecoxib|drug
DDI-DrugBank.d328.s48|150-159|valdecoxib|drug
DDI-DrugBank.d328.s48|233-240|diazepam|drug
DDI-DrugBank.d328.s49|37-44|diazepam|drug
DDI-DrugBank.d328.s49|87-96|valdecoxib|drug
DDI-DrugBank.d328.s49|236-243|diazepam|drug
DDI-DrugBank.d328.s50|147-159|motor vehicle|drug
DDI-DrugBank.d782.s0|32-46|Blood dyscrasia|group
DDI-DrugBank.d782.s0|89-111|Bone marrow depressants|group
DDI-DrugBank.d782.s0|167-183|Radiation therapy|group
DDI-DrugBank.d782.s0|216-237|Neurotoxic medications|group
DDI-DrugBank.d782.s0|330-348|Live virus vaccines|group
DDI-DrugBank.d782.s0|503-513|Mitomycin-C|drug
DDI-DrugBank.d782.s0|565-585|Killed virus vaccines|group
DDI-DrugBank.d759.s0|31-43|ascorbic acid|drug
DDI-DrugBank.d759.s0|99-116|bishydroxycoumarin|drug
