DDI-MedLine.d48.s0|85-105|Clostridium difficile|group
DDI-MedLine.d48.s0|113-113|A|drug
DDI-MedLine.d48.s2|45-61|Clostridium toxin|drug_n
DDI-MedLine.d48.s3|1-17|Clostridium toxin|drug_n
DDI-MedLine.d48.s3|93-109|Clostridium toxin|drug_n
DDI-MedLine.d48.s4|0-16|clostridium toxin|drug_n
DDI-MedLine.d48.s4|35-51|clostridium toxin|drug_n
DDI-MedLine.d48.s4|141-157|clostridium toxin|drug_n
DDI-MedLine.d48.s6|1-21|diethyl pyrocarbonate|drug
DDI-MedLine.d48.s7|60-64|toxin|drug_n
DDI-MedLine.d48.s8|95-111|Clostridium toxin|drug_n
DDI-MedLine.d48.s9|37-53|Clostridium toxin|drug_n
DDI-MedLine.d48.s10|2-6|toxin|drug
DDI-MedLine.d48.s10|11-24|anticoagulants|group
DDI-MedLine.d48.s11|0-16|Clostridium toxin|drug_n
DDI-MedLine.d48.s11|41-57|Clostridium toxin|drug_n
DDI-MedLine.d48.s11|179-195|Clostridium toxin|drug_n
DDI-MedLine.d62.s0|60-74|methamphetamine|brand
DDI-MedLine.d62.s2|58-78|transcription factors|drug
DDI-MedLine.d62.s3|37-40|METH|brand
DDI-MedLine.d62.s5|1-15|methamphetamine|drug
DDI-MedLine.d62.s5|84-101|dopamine receptors|group
DDI-MedLine.d62.s6|2-5|METH|brand
DDI-MedLine.d106.s0|44-51|warfarin|drug
DDI-MedLine.d106.s1|12-25|anticoagulants|group
DDI-MedLine.d106.s1|74-86|phenobarbital|brand
DDI-MedLine.d106.s1|89-100|secobarbital|brand
DDI-MedLine.d106.s1|103-114|glutethimide|drug
DDI-MedLine.d106.s1|117-131|chloral hydrate|brand
DDI-MedLine.d106.s1|138-149|methaqualone|brand
DDI-MedLine.d106.s2|0-7|warfarin|drug
DDI-MedLine.d106.s4|74-87|anticoagulants|group
DDI-MedLine.d106.s4|105-116|secobarbital|brand
DDI-MedLine.d106.s4|122-133|glutethimide|drug
DDI-MedLine.d106.s5|87-101|chloral hydrate|brand
DDI-MedLine.d106.s5|107-118|methaqualone|brand
DDI-MedLine.d106.s6|7-18|barbiturates|group
DDI-MedLine.d106.s6|24-35|glutethimide|drug
DDI-MedLine.d106.s7|2-15|anticoagulants|group
DDI-MedLine.d106.s7|18-34|antifungal agents|group
DDI-MedLine.d106.s8|26-37|methaqualone|drug
DDI-MedLine.d106.s8|91-110|anticoagulant agents|group
DDI-MedLine.d106.s9|30-44|chloral hydrate|brand
DDI-MedLine.d106.s9|50-61|methaqualone|drug
DDI-MedLine.d59.s0|83-91|carbachol|brand
DDI-MedLine.d59.s2|37-45|carbachol|brand
DDI-MedLine.d59.s3|11-19|carbachol|brand
DDI-MedLine.d59.s6|30-43|cytochalasin D|drug_n
DDI-MedLine.d59.s7|363-373|cholinergic|brand
DDI-MedLine.d58.s0|0-11|ginsenosides|drug
DDI-MedLine.d58.s1|47-58|ginsenosides|group
DDI-MedLine.d58.s2|50-66|Clostridium toxin|drug_n
DDI-MedLine.d58.s3|167-176|nimodipine|brand
DDI-MedLine.d58.s3|179-184|L-type|group
DDI-MedLine.d58.s3|188-207|omega-conotoxin GVIA|drug_n
DDI-MedLine.d58.s3|210-215|N-type|group
DDI-MedLine.d58.s3|222-239|omega-agatoxin IVA|drug_n
DDI-MedLine.d58.s3|242-247|P-type|group
DDI-MedLine.d58.s4|26-37|ginsenosides|drug
DDI-MedLine.d58.s5|13-19|aspirin|brand
DDI-MedLine.d58.s6|2-11|nimodipine|drug
DDI-MedLine.d58.s7|24-35|ginsenosides|group
DDI-MedLine.d58.s8|198-215|antistress effects|group
DDI-MedLine.d58.s8|228-234|Ginseng|brand
DDI-MedLine.d47.s0|16-25|buforin II|brand
DDI-MedLine.d47.s0|57-67|antibiotics|group
DDI-MedLine.d47.s0|83-92|macrolides|group
DDI-MedLine.d47.s0|99-111|tetracyclines|group
DDI-MedLine.d47.s1|11-20|buforin II|brand
DDI-MedLine.d47.s1|52-63|azithromycin|brand
DDI-MedLine.d47.s1|69-79|minocycline|brand
DDI-MedLine.d47.s2|0-9|buforin II|drug
DDI-MedLine.d47.s3|75-86|azithromycin|brand
DDI-MedLine.d47.s3|91-101|minocycline|brand
DDI-MedLine.d47.s4|0-9|Buforin II|drug
DDI-MedLine.d65.s0|0-11|interactions|drug
DDI-MedLine.d65.s0|14-16|How|drug
DDI-MedLine.d65.s0|18-19|to|drug
DDI-MedLine.d65.s0|21-28|identify|drug
DDI-MedLine.d65.s0|30-33|them|group
DDI-MedLine.d65.s1|2-3|at|drug
DDI-MedLine.d65.s2|29-35|aspirin|brand
DDI-MedLine.d65.s3|94-97|drug|group
DDI-MedLine.d65.s4|0-17|acetilsalicic acid|drug
DDI-MedLine.d65.s4|34-53|serous drug toxicity|group
DDI-MedLine.d65.s5|133-137|drugs|group
DDI-MedLine.d74.s1|2-19|acetilsalicic acid|drug
DDI-MedLine.d74.s2|232-239|arginine|drug
DDI-MedLine.d74.s2|257-263|glucose|drug
DDI-MedLine.d74.s2|312-323|theophylline|drug
DDI-MedLine.d74.s4|42-53|theophylline|brand
DDI-MedLine.d74.s5|47-58|theophylline|brand
DDI-MedLine.d74.s6|34-40|glucose|group
DDI-MedLine.d74.s6|45-56|theophylline|brand
DDI-MedLine.d74.s6|76-83|glucagon|group
DDI-MedLine.d74.s6|127-133|insulin|group
DDI-MedLine.d74.s8|0-7|arginine|drug
DDI-MedLine.d74.s8|60-77|pancreatic insulin|drug
DDI-MedLine.d74.s8|83-90|glucagon|drug
DDI-MedLine.d74.s10|0-6|insulin|drug
DDI-MedLine.d74.s11|114-125|theophylline|drug
DDI-MedLine.d44.s0|17-26|eTOFIBRATE|brand
DDI-MedLine.d44.s1|14-31|acetilsalicic acid|drug
DDI-MedLine.d44.s1|78-94|CLOSTRIDIUM TOXIN|drug_n
DDI-MedLine.d44.s1|393-399|aspirin|brand
DDI-MedLine.d44.s1|446-462|CLOSTRIDIUM TOXIN|drug_n
DDI-MedLine.d44.s2|37-46|etofibrate|brand
DDI-MedLine.d44.s2|408-417|etofibrate|brand
DDI-MedLine.d44.s3|9-15|aspirin|brand
DDI-MedLine.d44.s3|20-61|human apt medicine known by a generic name|drug
DDI-MedLine.d44.s4|85-101|clostridium toxin|drug_n
DDI-MedLine.d44.s4|107-123|clostridium toxin|drug_n
DDI-MedLine.d44.s5|6-15|etofibrate|brand
DDI-MedLine.d44.s6|98-113|lipid modulators|group
DDI-MedLine.d44.s6|116-125|Etofibrate|brand
DDI-MedLine.d44.s6|152-158|placebo|brand
DDI-MedLine.d44.s7|77-87|fibric acid|group
DDI-MedLine.d44.s7|100-109|etofibrate|brand
DDI-MedLine.d44.s7|114-120|placebo|brand
DDI-MedLine.d44.s8|34-43|eTOFIBRATE|brand
DDI-MedLine.d125.s0|51-57|gliftor|brand
DDI-MedLine.d125.s1|36-54|1,3-difluoroacetone|drug_n
DDI-MedLine.d125.s1|126-132|Gliftor|brand
DDI-MedLine.d125.s3|284-302|1,3-difluoroacetone|drug_n
DDI-MedLine.d125.s4|23-41|1,3-difluoroacetone|drug_n
DDI-MedLine.d125.s4|205-227|1,3-difluoro-2-propanol|drug_n
DDI-MedLine.d125.s5|45-61|clostridium toxin|drug_n
DDI-MedLine.d125.s5|66-82|clostridium toxin|drug_n
DDI-MedLine.d125.s6|28-43|4-methylpyrazole|drug
DDI-MedLine.d125.s6|111-133|1,3-difluoro-2-propanol|drug
DDI-MedLine.d125.s6|261-283|1,3-difluoro-2-propanol|drug
DDI-MedLine.d125.s7|34-49|4-methylpyrazole|drug
DDI-MedLine.d125.s7|103-121|1,3-difluoroacetone|drug
DDI-MedLine.d86.s0|0-8|sirolimus|drug
DDI-MedLine.d86.s0|10-18|diltiazem|drug
DDI-MedLine.d86.s2|107-111|drugs|drug
DDI-MedLine.d86.s3|178-186|sirolimus|brand
DDI-MedLine.d86.s3|218-226|diltiazem|brand
DDI-MedLine.d86.s4|23-29|aspirin|brand
DDI-MedLine.d86.s5|390-398|sirolimus|drug_n
DDI-MedLine.d86.s6|60-68|diltiazem|brand
DDI-MedLine.d86.s6|117-125|sirolimus|brand
DDI-MedLine.d86.s7|94-102|diltiazem|drug
DDI-MedLine.d86.s7|105-122|desacetyldiltiazem|drug
DDI-MedLine.d86.s7|129-143|dethyldiltiazem|drug
DDI-MedLine.d86.s7|235-243|diltiazem|drug
DDI-MedLine.d1.s0|83-100|erection disorders|group
DDI-MedLine.d1.s1|22-56|oral erection-supporting medication|brand
DDI-MedLine.d1.s1|167-197|errection-supporting medication|brand
DDI-MedLine.d1.s3|103-116|anticoagulants|group
DDI-MedLine.d1.s4|92-101|sildenafil|brand
DDI-MedLine.d1.s5|2-13| sildenafil |drug
DDI-MedLine.d1.s6|56-77|beta-receptor blockers|group
DDI-MedLine.d1.s6|83-101|calcium antagonists|group
DDI-MedLine.d1.s6|107-133|thiazide and loop diuretics|group
DDI-MedLine.d1.s6|142-155|ACE inhibitors|group
DDI-MedLine.d132.s0|28-74|non-nucleoside reverse transcriptase inhibitors|group
DDI-MedLine.d132.s2|190-210|antiretroviral agents|group
DDI-MedLine.d132.s4|2-10|efavirenz|drug
DDI-MedLine.d132.s4|13-22|nevirapine|drug
DDI-MedLine.d132.s5|0-9|nevirapine|drug
DDI-MedLine.d132.s5|11-12|PI|group
DDI-MedLine.d132.s5|14-23|nelfinavir|drug
DDI-MedLine.d132.s6|42-51|nevirapine|brand
DDI-MedLine.d132.s6|56-66|delavirdine|brand
DDI-MedLine.d132.s7|0-1|PI|drug
DDI-MedLine.d132.s7|3-4|Pi|group
DDI-MedLine.d132.s8|25-34|eavarinenz|brand
DDI-MedLine.d132.s8|41-59|protease inhibitors|group
DDI-MedLine.d132.s10|10-21|<efavirenz/>|drug
DDI-MedLine.d132.s10|60-72|<nelfinavir/>|group
DDI-MedLine.d132.s11|135-141|aspirin|brand
DDI-MedLine.d132.s12|43-48|NNRTIs|group
DDI-MedLine.d23.s1|72-79|ketamine|drug
DDI-MedLine.d23.s1|98-110|pentobarbital|brand
DDI-MedLine.d23.s1|234-241|ketamine|brand
DDI-MedLine.d23.s1|268-280|pentobarbital|brand
DDI-MedLine.d23.s2|42-48|Innovar|brand
DDI-MedLine.d23.s2|64-73|Droperidol|brand
DDI-MedLine.d23.s2|107-114|Fentanyl|brand
DDI-MedLine.d23.s2|131-143|Pentobarbital|brand
DDI-MedLine.d138.s0|24-31|oxytocin|drug
DDI-MedLine.d138.s1|52-59|oxytocin|drug
DDI-MedLine.d138.s1|65-76|vasopressins|group
DDI-MedLine.d138.s2|48-55|oxytocin|drug
DDI-MedLine.d138.s2|77-87|vasspressin|brand
DDI-MedLine.d138.s3|72-79|hormones|group
DDI-MedLine.d29.s0|86-96|antibiotics|group
DDI-MedLine.d29.s0|99-109|cloxacillin|brand
DDI-MedLine.d29.s1|17-30|Gibaldi et al.|group
DDI-MedLine.d29.s2|11-20|probenecid|group
DDI-MedLine.d29.s2|28-38|penicillins|brand
DDI-MedLine.d29.s2|46-58|cephaloridine|group
DDI-MedLine.d29.s3|1-14|anticoagulants|group
DDI-MedLine.d29.s3|48-57|probenecid|drug
DDI-MedLine.d29.s3|105-68||drug
DDI-MedLine.d29.s3|140-101||drug
DDI-MedLine.d29.s3|413-136||drug
DDI-MedLine.d29.s4|2-12|cloxacillin|drug
DDI-MedLine.d29.s4|16-26|antibiotics|group
DDI-MedLine.d29.s4|30-39|probenecid|drug
DDI-MedLine.d29.s7|2-11|probenecid|drug
DDI-MedLine.d29.s8|47-56|probenecid|brand
DDI-MedLine.d29.s8|80-90|cloxacillin|drug_n
DDI-MedLine.d118.s0|9-17|Sirolimus|brand
DDI-MedLine.d118.s1|62-70|effective|drug
DDI-MedLine.d118.s2|50-67|immunosuppressants|group
DDI-MedLine.d118.s2|161-169|sirolimus|drug
DDI-MedLine.d118.s2|244-255|cyclosporine|brand
DDI-MedLine.d118.s2|260-269|tacrolimus|brand
DDI-MedLine.d118.s3|0-8|sirolimus|drug
DDI-MedLine.d118.s3|11-22|cyclosporine|group
DDI-MedLine.d118.s3|25-34|tacrolimus|group
DDI-MedLine.d185.s0|0-11|ketoconazole|drug
DDI-MedLine.d185.s0|13-29|CYP3A4 inhibitors|group
DDI-MedLine.d185.s0|31-42|panobinostat|drug
DDI-MedLine.d185.s0|44-49|LBH589|drug
DDI-MedLine.d185.s0|51-80|histone deacetylase inhibitors|group
DDI-MedLine.d185.s1|0-11|panobinostat|drug
DDI-MedLine.d185.s1|38-43|CYP3A4|group
DDI-MedLine.d185.s2|67-78|ketoconazole|brand
DDI-MedLine.d185.s3|27-38|panobinostat|brand
DDI-MedLine.d185.s4|17-28|ketoconazole|brand
DDI-MedLine.d185.s5|25-36|panobinostat|brand
DDI-MedLine.d185.s5|68-79|ketoconazole|group
DDI-MedLine.d185.s6|1-12|Panobinostat|brand
DDI-MedLine.d185.s7|26-37|ketoconazole|brand
DDI-MedLine.d185.s7|99-115|antifungal agents|group
DDI-MedLine.d185.s7|117-128|panobinostat|brand
DDI-MedLine.d185.s8|29-29|T|brand
DDI-MedLine.d185.s9|24-35|panobinostat|brand
DDI-MedLine.d185.s12|25-36|panobinostat|brand
DDI-MedLine.d185.s12|100-111|panobinostat|brand
DDI-MedLine.d185.s13|0-11|panobinostat|drug
DDI-MedLine.d185.s13|359-370|panobinostat|drug_n
DDI-MedLine.d180.s1|2-20|3-Deazaneplanocin A|drug
DDI-MedLine.d180.s1|26-52|AdoHcy hydrolase inhibitors|group
DDI-MedLine.d180.s1|58-79|S-adenosylhomocysteine|group
DDI-MedLine.d180.s3|25-29|DZNep|brand
DDI-MedLine.d180.s4|27-31|ALOX5|drug
DDI-MedLine.d180.s6|2-6|ALOX5|drug
DDI-MedLine.d180.s6|12-16|DZNep|brand
DDI-MedLine.d180.s7|109-113|DZNep|brand
DDI-MedLine.d180.s9|314-318|Alox5|drug_n
DDI-MedLine.d180.s10|19-25|ABT-737|brand
DDI-MedLine.d180.s10|104-110|ABT-737|brand
DDI-MedLine.d180.s13|2-8| DZNep |drug
DDI-MedLine.d181.s0|0-12|levothyroxine|drug
DDI-MedLine.d181.s0|14-31|infant colic drops|group
DDI-MedLine.d181.s2|2-11|simeticone|drug
DDI-MedLine.d181.s3|7-16|simeticone|brand
DDI-MedLine.d181.s4|98-110|levothyroxine|brand
DDI-MedLine.d181.s4|161-174|antihistamines|group
DDI-MedLine.d181.s4|177-186|simeticone|drug_n
DDI-MedLine.d181.s5|0-12|levothyroxine|drug
DDI-MedLine.d181.s6|48-54|Infacol|brand
DDI-MedLine.d181.s6|84-96|levothyroxine|brand
DDI-MedLine.d181.s7|10-20|colic drops|brand
DDI-MedLine.d181.s7|100-115|thyroid hormones|group
DDI-MedLine.d181.s8|0-8|thyroxine|drug
DDI-MedLine.d181.s8|38-46|thyroxine|drug
DDI-MedLine.d169.s0|49-52|iron|brand
DDI-MedLine.d169.s1|0-6|Calcium|drug
DDI-MedLine.d169.s1|100-103|iron|drug
DDI-MedLine.d169.s2|36-42|calcium|group
DDI-MedLine.d169.s2|131-137|calcium|group
DDI-MedLine.d169.s3|52-58|calcium|drug
DDI-MedLine.d169.s4|19-28|Fifty-four|drug_n
DDI-MedLine.d169.s4|35-41|healthy|drug_n
DDI-MedLine.d169.s4|48-58|nonpregnant|drug_n
DDI-MedLine.d169.s4|65-69|women|drug_n
DDI-MedLine.d169.s4|76-129|iron absorption studies using iron radioactive tracers|group
DDI-MedLine.d169.s5|2-16|ferrous sulfate|drug
DDI-MedLine.d169.s6|41-47|calcium|brand
DDI-MedLine.d169.s6|132-140|heme iron|drug
DDI-MedLine.d169.s10|53-59|calcium|brand
DDI-MedLine.d169.s10|62-69|minerals|group
DDI-MedLine.d169.s10|97-108|nitric oxide|drug
DDI-MedLine.d169.s10|134-147|iron compounds|group
DDI-MedLine.d169.s10|160-173|iron compounds|group
DDI-MedLine.d169.s11|121-127|calcium|brand
DDI-MedLine.d179.s0|45-53|sunitinib|brand
DDI-MedLine.d179.s0|59-67|docetaxel|drug
DDI-MedLine.d179.s0|127-154|EGFR TKIs-resistant mutation|brand
DDI-MedLine.d179.s1|46-54|sunitinib|drug
DDI-MedLine.d179.s2|0-7|imatinib|drug
DDI-MedLine.d179.s3|31-34|EGFR|group
DDI-MedLine.d179.s3|36-40|T790M|drug
DDI-MedLine.d179.s3|55-59|K-ras|group
DDI-MedLine.d179.s3|93-101|sunitinib|brand
DDI-MedLine.d179.s3|106-114|docetaxel|brand
DDI-MedLine.d179.s4|55-57|MMT|drug
DDI-MedLine.d179.s4|178-191|immunoblotting|drug
DDI-MedLine.d179.s6|2-10|docetaxel|drug
DDI-MedLine.d179.s6|16-24|sunitinib|drug
DDI-MedLine.d179.s7|0-8|docetaxel|drug
DDI-MedLine.d179.s7|10-18|sunitinib|group
DDI-MedLine.d179.s8|2-10|docetaxel|drug
DDI-MedLine.d179.s8|142-150|docetaxel|drug
DDI-MedLine.d179.s10|6-14|Sunitinib|brand
DDI-MedLine.d179.s10|194-202|Sunitinib|brand
DDI-MedLine.d179.s10|219-227|Sunitinib|brand
DDI-MedLine.d159.s1|68-81|anticoagulants|group
DDI-MedLine.d159.s2|150-152|DEB|brand
DDI-MedLine.d159.s2|214-237|Fibroblast Growth Factor|group
DDI-MedLine.d159.s3|230-246|antifungal agents|group
DDI-MedLine.d159.s3|249-273|glutathione S-transferase|brand
DDI-MedLine.d159.s4|66-77|antioxidants|brand
DDI-MedLine.d159.s5|47-49|DEB|group
DDI-MedLine.d159.s5|167-169|DEB|brand
DDI-MedLine.d159.s6|9-26|acetyl-l-carnitine|drug
DDI-MedLine.d159.s6|119-135|alpha-lipoic acid|brand
DDI-MedLine.d159.s7|73-75|DEB|drug
DDI-MedLine.d159.s7|163-164|FA|brand
DDI-MedLine.d159.s7|240-242|DEB|drug
DDI-MedLine.d164.s0|2-10|herceptin|drug
DDI-MedLine.d164.s1|47-55|lapatinib|drug_n
DDI-MedLine.d164.s1|71-78|Heredpin|brand
DDI-MedLine.d164.s1|138-146|lapatinib|drug_n
DDI-MedLine.d164.s1|172-179|Heredpin|brand
DDI-MedLine.d164.s2|25-33|Lapatinib|brand
DDI-MedLine.d164.s2|50-93|Hepcidin is not mentioned, but Herceptin is |group
DDI-MedLine.d164.s2|163-261|Hepcidin is not mentioned,  but Herceptin-mediated antibody-dependent cellular cytotoxicity (ADCC).|group
DDI-MedLine.d164.s4|2-10|Herceptin|drug
DDI-MedLine.d164.s5|51-58|Hepatine|brand
DDI-MedLine.d164.s5|74-81|Hepatine|brand
DDI-MedLine.d164.s5|103-106|HER2|group
DDI-MedLine.d164.s5|182-185|HER2|group
DDI-MedLine.d193.s1|14-23|Ticagrelor|brand
DDI-MedLine.d193.s1|26-45|Brilinta-AstraZeneca|brand
DDI-MedLine.d193.s1|70-112|human apt medicines known by a generic name|drug
DDI-MedLine.d193.s1|137-143|aspirin|brand
DDI-MedLine.d193.s2|29-39|Clopidogrel|brand
DDI-MedLine.d193.s2|42-60|Antiplatelet agents|group
DDI-MedLine.d193.s2|67-75|Prasugrel|brand
DDI-MedLine.d193.s2|78-96|Antiplatelet agents|group
DDI-MedLine.d193.s3|2-12|clopidogrel|drug
DDI-MedLine.d43.s7|190-202|phenobarbital|brand
DDI-MedLine.d43.s8|147-156|carcinogen|brand
DDI-MedLine.d43.s9|88-98|carcinogens|group
DDI-MedLine.d43.s11|125-131|Aspirin|brand
DDI-MedLine.d100.s0|21-27|aspirin|brand
DDI-MedLine.d100.s3|119-132|thromboxane A2|drug
DDI-MedLine.d100.s4|2-40|Adenosine 3&#39;5&#39;-cyclic phosphate|drug
DDI-MedLine.d100.s5|71-79|verapamil|brand
DDI-MedLine.d100.s5|82-90|diltiazem|brand
DDI-MedLine.d100.s5|97-106|nifedipine|brand
DDI-MedLine.d100.s6|14-27|anticoagulants|group
DDI-MedLine.d100.s7|145-58||group
DDI-MedLine.d100.s8|2-8|calcium|drug
DDI-MedLine.d73.s0|59-78|neurochemical agents|group
DDI-MedLine.d73.s0|84-98|methamphetamine|brand
DDI-MedLine.d73.s0|105-148|1-methyl-4-phenyl-1,2,5,6-tetrahydropyridine|drug_n
DDI-MedLine.d73.s0|151-169|tetrahydropyridines|group
DDI-MedLine.d73.s1|150-164|methamphetamine|brand
DDI-MedLine.d73.s2|30-36|induced|drug_n
DDI-MedLine.d73.s2|147-155|pargyline|brand
DDI-MedLine.d73.s3|2-12|amphetamine|drug
DDI-MedLine.d73.s3|18-28|amphetamine|brand
DDI-MedLine.d73.s3|34-51|disruptive effects|group
DDI-MedLine.d73.s3|57-67|apomorphine|group
DDI-MedLine.d73.s4|0-14|methamphetamine|drug
DDI-MedLine.d73.s4|22-25|MPTP|drug
DDI-MedLine.d73.s4|107-115|pargyline|group
DDI-MedLine.d73.s5|117-125|pargyline|drug
DDI-MedLine.d31.s1|23-29|aspirin|brand
DDI-MedLine.d31.s4|49-57|neoplasia|brand
DDI-MedLine.d31.s5|2-4|use|drug
DDI-DrugBank.d449.s0|31-47|antifungal agents|group
DDI-DrugBank.d449.s0|57-68|ketoconazole|brand
DDI-DrugBank.d449.s0|73-84|itraconazole|brand
DDI-DrugBank.d449.s1|25-35|fluvoxamine|drug
DDI-DrugBank.d449.s1|59-63|Xanax|brand
DDI-DrugBank.d449.s2|0-9|Fluoxetine|drug
DDI-DrugBank.d449.s2|12-14|OCs|group
DDI-DrugBank.d449.s2|17-26|sertraline|drug
DDI-DrugBank.d449.s2|29-37|diltiazem|drug
DDI-DrugBank.d449.s2|40-60|macrolide antibiotics|group
DDI-DrugBank.d8.s0|111-117|ALFENTA|brand
DDI-DrugBank.d8.s0|186-197|barbiturates|group
DDI-DrugBank.d8.s0|200-212|tranquilizers|group
DDI-DrugBank.d8.s0|215-221|opioids|group
DDI-DrugBank.d8.s1|0-6|opioids|drug
DDI-DrugBank.d8.s2|0-17|acetilsalicic acid|drug
DDI-DrugBank.d8.s4|1-22|<brand>ALFENTA</brand>|drug
DDI-DrugBank.d8.s4|1-7|ALFENTA|brand
DDI-DrugBank.d8.s5|22-28|ALFENTA|brand
DDI-DrugBank.d8.s5|113-119|ALFENTA|brand
DDI-DrugBank.d8.s6|2-6|drugs|drug
DDI-DrugBank.d416.s0|2-4|PAH|drug
DDI-DrugBank.d416.s0|42-44|PAH|drug
DDI-DrugBank.d416.s0|113-124|sulfonamides|group
DDI-DrugBank.d416.s0|127-134|procaine|drug
DDI-DrugBank.d416.s1|81-94|anticoagulants|group
DDI-DrugBank.d416.s1|100-116|antifungal agents|group
DDI-DrugBank.d416.s2|17-77|depresses tubular secretion of certain weak acids such as PAH|drug
DDI-DrugBank.d416.s3|34-43|probenecid|brand
DDI-DrugBank.d22.s0|2-20|Aminosalicylic acid|drug
DDI-DrugBank.d22.s0|49-55|digoxin|drug
DDI-DrugBank.d22.s0|58-64|Lanoxin|brand
DDI-DrugBank.d22.s0|67-76|Lanoxicaps|brand
DDI-DrugBank.d22.s1|32-38|digoxin|drug
DDI-DrugBank.d22.s1|53-71|aminosalicylic acid|drug
DDI-DrugBank.d22.s1|90-96|digoxin|drug
DDI-DrugBank.d22.s3|2-20|aminosalicylic acid|drug
DDI-DrugBank.d22.s3|22-32|vitamin B12|drug
DDI-DrugBank.d318.s1|29-49|antineoplastic agents|group
DDI-DrugBank.d318.s1|60-75|nitrogen mustard|drug
DDI-DrugBank.d318.s2|59-73|Corticosteroids|group
DDI-DrugBank.d318.s2|159-173|Corticosteroids|group
DDI-DrugBank.d318.s2|235-324|Analytically unapproved substances to treat human diseases, but not approved for human use|group
DDI-DrugBank.d318.s2|421-435|Corticosteroids|group
DDI-DrugBank.d318.s3|2-15|amphotericin B|drug
DDI-DrugBank.d318.s4|2-12|electrolyte|drug
DDI-DrugBank.d318.s5|2-22|digitalis glycosides:|drug
DDI-DrugBank.d318.s5|24-44|Digitalis glycosides:|group
DDI-DrugBank.d318.s5|96-116|Digitalis glycosides:|group
DDI-DrugBank.d318.s6|0-8|potassium|drug
DDI-DrugBank.d318.s7|2-12|Flucytosine|drug
DDI-DrugBank.d318.s7|15-31|antifungal agents|group
DDI-DrugBank.d318.s7|72-85|amphotericin B|brand
DDI-DrugBank.d318.s7|151-161|Flucytosine|drug
DDI-DrugBank.d318.s8|6-15|Imidazoles|group
DDI-DrugBank.d318.s8|136-149|amphotericin B|brand
DDI-DrugBank.d318.s8|155-164|imidazoles|group
DDI-DrugBank.d318.s8|179-188|imidazoles|group
DDI-DrugBank.d318.s8|222-235|amphotericin B|brand
DDI-DrugBank.d318.s10|50-64|aminoglycosides|drug
DDI-DrugBank.d318.s10|67-78|cyclosporine|group
DDI-DrugBank.d318.s10|85-95|pentamidine|group
DDI-DrugBank.d318.s11|101-118|acetilsalicic acid|brand
DDI-DrugBank.d318.s11|121-138|nephrotoxic agents|group
DDI-DrugBank.d318.s11|143-165|nephrotoxic medications|group
DDI-DrugBank.d318.s12|2-15|amphotericin B|drug
DDI-DrugBank.d318.s12|21-45|skeletal muscle relaxants|group
DDI-DrugBank.d318.s12|51-62|tubocurarine|brand
DDI-DrugBank.d318.s14|96-109|amphotericin B|brand
DDI-DrugBank.d357.s0|131-141|ondansetron|brand
DDI-DrugBank.d357.s0|244-254|ondansetron|brand
DDI-DrugBank.d357.s0|257-267|granisetron|brand
DDI-DrugBank.d357.s0|270-279|dolasetron|brand
DDI-DrugBank.d357.s0|282-293|palonosetron|brand
DDI-DrugBank.d357.s0|300-309|a-losetron|brand
DDI-DrugBank.d357.s2|80-93|anticoagulants|group
DDI-DrugBank.d357.s2|113-129|antihypertensives|group
DDI-DrugBank.d357.s2|131-141|hypotension|drug
DDI-DrugBank.d357.s3|34-44|apomorphine|brand
DDI-DrugBank.d357.s3|137-150|phenothiazines|group
DDI-DrugBank.d357.s3|217-230|metoclopramide|brand
DDI-DrugBank.d357.s4|2-13|neuroleptics|drug
DDI-DrugBank.d357.s6|78-83|APOKYN|brand
DDI-DrugBank.d253.s0|81-90|arbutamine|brand
DDI-DrugBank.d253.s1|2-11|arbutamine|drug
DDI-DrugBank.d253.s2|21-27|class I|group
DDI-DrugBank.d253.s2|30-39|flecainide|drug
DDI-DrugBank.d253.s2|42-50|lidocaine|drug
DDI-DrugBank.d253.s2|56-64|quinidine|drug
DDI-DrugBank.d105.s0|1-14|anticoagulants|group
DDI-DrugBank.d105.s0|28-47|coumarin derivatives|drug
DDI-DrugBank.d105.s0|52-73|indandione derivatives|drug
DDI-DrugBank.d105.s0|82-112|platelet aggregation inhibitors|group
DDI-DrugBank.d105.s0|124-130|aspirin|brand
DDI-DrugBank.d105.s0|206-214|ardeparin|brand
DDI-DrugBank.d509.s0|0-11|aripiprazole|drug
DDI-DrugBank.d509.s0|13-27|antidepressants|group
DDI-DrugBank.d509.s0|29-35|ABILIFY|brand
DDI-DrugBank.d509.s1|99-98||drug
DDI-DrugBank.d509.s3|6-16|Other Drugs|group
DDI-DrugBank.d509.s3|36-47|Aripiprazole|brand
DDI-DrugBank.d509.s6|1-12|aripiprazole|brand
DDI-DrugBank.d509.s7|41-53|carbamazepine|brand
DDI-DrugBank.d509.s8|32-43|ketoconazole|drug
DDI-DrugBank.d509.s8|61-69|quinidine|brand
DDI-DrugBank.d509.s8|72-81|fluoxetine|brand
DDI-DrugBank.d509.s8|87-96|paroxetine|brand
DDI-DrugBank.d509.s9|41-52|ketoconazole|drug
DDI-DrugBank.d509.s9|107-118|aripiprazole|brand
DDI-DrugBank.d509.s9|141-152|aripiprazole|brand
DDI-DrugBank.d509.s10|23-34|ketoconazole|drug
DDI-DrugBank.d509.s11|41-57|antifungal agents|group
DDI-DrugBank.d509.s12|41-52|itraconazole|brand
DDI-DrugBank.d509.s13|0-11|erythromycin|drug
DDI-DrugBank.d509.s13|21-30|inhibitors|group
DDI-DrugBank.d509.s13|34-44|antibiotics|group
DDI-DrugBank.d509.s13|65-74|inhibitors|group
DDI-DrugBank.d509.s14|15-31|CYP3A4 inhibitors|group
DDI-DrugBank.d509.s15|79-92|anticoagulants|group
DDI-DrugBank.d509.s16|112-120|quinidine|brand
DDI-DrugBank.d509.s16|127-138|aripiprazole|brand
DDI-DrugBank.d509.s17|54-63|fluoxetine|brand
DDI-DrugBank.d509.s17|68-77|paroxetine|brand
DDI-DrugBank.d509.s18|15-31|CYP2D6 inhibitors|group
DDI-DrugBank.d509.s19|21-33|CARBAMAZEPINE|drug
DDI-DrugBank.d509.s20|2-14|carbamazepine|drug
DDI-DrugBank.d509.s20|16-27|aripiprazole|brand
DDI-DrugBank.d509.s21|2-7|dosage|drug
DDI-DrugBank.d509.s22|2-14|carbamazepine|drug
DDI-DrugBank.d509.s22|19-30|aripiprazole|brand
DDI-DrugBank.d509.s23|40-49|famotidine|brand
DDI-DrugBank.d509.s23|52-60|valproate|group
DDI-DrugBank.d509.s23|125-136|aripiprazole|brand
DDI-DrugBank.d509.s24|6-12|ABILIFY|group
DDI-DrugBank.d509.s24|17-24| affect |drug
DDI-DrugBank.d509.s24|32-36|drugs|group
DDI-DrugBank.d509.s24|129-133|drugs|group
DDI-DrugBank.d509.s25|53-64|aripiprazole|brand
DDI-DrugBank.d509.s25|109-114|CYP2D6|group
DDI-DrugBank.d509.s25|117-132|dextromethorphan|brand
DDI-DrugBank.d509.s25|136-141|CYP2C9|group
DDI-DrugBank.d509.s25|144-151|warfarin|brand
DDI-DrugBank.d509.s25|155-161|CYP2C19|group
DDI-DrugBank.d509.s25|164-173|omeprazole|brand
DDI-DrugBank.d509.s25|176-183|warfarin|brand
DDI-DrugBank.d509.s25|191-196|CYP3A4|group
DDI-DrugBank.d509.s25|199-214|dextromethorphan|brand
DDI-DrugBank.d509.s26|32-43|aripiprazole|brand
DDI-DrugBank.d509.s27|16-22|alcohol|drug
DDI-DrugBank.d509.s27|26-32|ethanol|group
DDI-DrugBank.d509.s27|36-47|aripiprazole|brand
DDI-DrugBank.d509.s27|82-88|alcohol|brand
DDI-DrugBank.d509.s27|92-98|ethanol|group
DDI-DrugBank.d509.s27|102-113|aripiprazole|drug
DDI-DrugBank.d509.s28|2-8|ABILIFY|brand
DDI-DrugBank.d509.s29|0-6|aspirin|drug
DDI-DrugBank.d109.s0|98-107|Macrolides|group
DDI-DrugBank.d109.s0|120-131|Erythromycin|brand
DDI-DrugBank.d73.s0|44-52|reserpine|brand
DDI-DrugBank.d73.s1|30-37|TENORMIN|brand
DDI-DrugBank.d73.s1|420-444|cathecholamines depletors|group
DDI-DrugBank.d73.s1|830-837|TENORMIN|brand
DDI-DrugBank.d73.s2|75-82|TENORMIN|brand
DDI-DrugBank.d73.s3|12-19|blockers|group
DDI-DrugBank.d73.s3|96-104|clonidine|brand
DDI-DrugBank.d73.s4|2-13|beta blocker|drug
DDI-DrugBank.d73.s4|15-23|clonidine|brand
DDI-DrugBank.d73.s5|13-21|clonidine|drug
DDI-DrugBank.d73.s5|26-38|beta-blockers|group
DDI-DrugBank.d73.s5|61-73|beta-blockers|group
DDI-DrugBank.d73.s5|116-124|clonidine|drug
DDI-DrugBank.d73.s6|67-86|antirheumatic agents|group
DDI-DrugBank.d73.s6|129-135|Indocin|brand
DDI-DrugBank.d73.s6|147-166|antirheumatic agents|group
DDI-DrugBank.d73.s6|174-209|nonsteroidal anti-inflammatory drugs|group
DDI-DrugBank.d73.s6|270-280|Indometacin|brand
DDI-DrugBank.d73.s6|355-366|indomethacin|drug
DDI-DrugBank.d73.s7|41-48|atenolol|brand
DDI-DrugBank.d73.s8|110-116|aspirin|brand
DDI-DrugBank.d73.s9|19-25|aspirin|brand
DDI-DrugBank.d73.s10|1-11|epinephrine|brand
DDI-DrugBank.d383.s0|7-26|information provided|drug
DDI-DrugBank.d489.s1|30-43|anticoagulants|group
DDI-DrugBank.d489.s1|69-82|anticoagulants|group
DDI-DrugBank.d489.s1|130-143|anticoagulants|group
DDI-DrugBank.d489.s2|0-8|reserpine|drug
DDI-DrugBank.d489.s2|17-60|<group>catecholamine-depleting drugs</group>|drug
DDI-DrugBank.d489.s2|17-45|catecholamine-depleting drugs|group
DDI-DrugBank.d489.s2|114-120|aspirin|brand
DDI-DrugBank.d489.s3|72-78|aspirin|drug
DDI-DrugBank.d489.s4|70-82|beta-blockers|group
DDI-DrugBank.d489.s4|88-96|clonidine|brand
DDI-DrugBank.d489.s4|116-124|clonidine|brand
DDI-DrugBank.d489.s4|207-219|beta-blockers|group
DDI-DrugBank.d489.s6|123-129|aspirin|brand
DDI-DrugBank.d489.s6|176-194|calcium antagonists|group
DDI-DrugBank.d489.s7|268-276|verapamil|group
DDI-DrugBank.d489.s7|281-289|diltiazem|group
DDI-DrugBank.d489.s8|75-87|beta-blockers|brand
DDI-DrugBank.d489.s8|162-174|beta-blockers|brand
DDI-DrugBank.d489.s10|63-73|epinephrine|drug
DDI-DrugBank.d497.s0|63-90|carbonic anhydrase inhibitor|brand
DDI-DrugBank.d497.s1|90-101|brinzolamide|brand
DDI-DrugBank.d497.s2|40-68|carbonic anhydrase inhibitors|group
DDI-DrugBank.d497.s2|89-98|salicylate|drug
DDI-DrugBank.d497.s2|142-151|salicylate|brand
DDI-DrugBank.d497.s3|2-6|AZOPT|drug
DDI-DrugBank.d153.s0|67-77|epinephrine|brand
DDI-DrugBank.d153.s0|82-95|norepinephrine|brand
DDI-DrugBank.d153.s1|32-45|anticoagulants|group
DDI-DrugBank.d153.s2|2-19|acetilsalicic acid|drug
DDI-DrugBank.d153.s3|12-22|vasopressor|drug
DDI-DrugBank.d153.s3|45-61|ergot-type oxytic|drug
DDI-DrugBank.d153.s4|84-94|epinephrine|brand
DDI-DrugBank.d213.s1|0-6|digoxin|drug
DDI-DrugBank.d213.s1|12-20|digitoxin|drug
DDI-DrugBank.d213.s4|30-43|anticoagulants|group
DDI-DrugBank.d520.s0|75-86|carboplatins|group
DDI-DrugBank.d269.s0|14-19|CYP2D6|group
DDI-DrugBank.d269.s1|31-41|debrisoquin|drug
DDI-DrugBank.d269.s1|60-69|carvedilol|brand
DDI-DrugBank.d269.s1|113-121|quinidine|brand
DDI-DrugBank.d269.s1|124-133|fluoxetine|brand
DDI-DrugBank.d269.s1|136-145|paroxetine|brand
DDI-DrugBank.d269.s1|152-162|propafenone|brand
DDI-DrugBank.d269.s1|273-282|carvedilol|brand
DDI-DrugBank.d269.s2|81-83|2D6|drug
DDI-DrugBank.d269.s2|247-257|propranolol|brand
DDI-DrugBank.d269.s3|1-22|anticholinergic agents|group
DDI-DrugBank.d269.s3|38-46|reserpine|brand
DDI-DrugBank.d269.s3|50-77|monoamine oxidase inhibitors|group
DDI-DrugBank.d269.s3|81-97|b-blocking agents|group
DDI-DrugBank.d269.s4|0-8|Clonidine|drug
DDI-DrugBank.d269.s4|41-49|Clonidine|drug
DDI-DrugBank.d269.s5|38-48|propranolol|brand
DDI-DrugBank.d269.s5|76-98|Î±2-adrenergic agonists|group
DDI-DrugBank.d269.s5|105-113|clonidine|brand
DDI-DrugBank.d269.s6|0-8|clonidine|drug
DDI-DrugBank.d269.s6|90-95|dosage|drug
DDI-DrugBank.d269.s8|2-13|cyclosporine|drug
DDI-DrugBank.d269.s9|31-42|Cyclosporine|group
DDI-DrugBank.d269.s10|96-113|immunosuppressants|group
DDI-DrugBank.d269.s10|171-180|cARBIDOLOL|brand
DDI-DrugBank.d269.s10|211-222|cyclosporine|drug
DDI-DrugBank.d269.s11|0-6|digoxin|drug
DDI-DrugBank.d269.s11|9-15|digoxin|drug
DDI-DrugBank.d269.s11|64-70|digoxin|drug
DDI-DrugBank.d269.s12|12-18|digoxin|drug
DDI-DrugBank.d269.s12|24-28|COREG|group
DDI-DrugBank.d269.s13|2-8|digoxin|drug
DDI-DrugBank.d269.s14|107-116|carvedilol|brand
DDI-DrugBank.d269.s15|17-39|h2 receptor antagonists|group
DDI-DrugBank.d269.s16|132-136|COREG|group
DDI-DrugBank.d269.s16|162-170|diltiazem|brand
DDI-DrugBank.d269.s17|2-6|COREG|drug
DDI-DrugBank.d269.s17|261-269|verapamil|group
DDI-DrugBank.d269.s17|276-284|diltiazem|group
DDI-DrugBank.d269.s18|0-6|Insulin|drug
DDI-DrugBank.d269.s18|11-29|Oral Hypoglycemics:|group
DDI-DrugBank.d269.s18|31-64|Agents with Î²-Blocking properties|group
DDI-DrugBank.d269.s18|113-119|insulin|drug
DDI-DrugBank.d269.s18|125-142|oral hypoglycemics|group
DDI-DrugBank.d269.s19|2-19|oral hypoglycemics|drug
DDI-DrugBank.d339.s0|38-50|carbamazepine|drug
DDI-DrugBank.d339.s1|0-12|carbamazepine|drug
DDI-DrugBank.d339.s3|1-13|nitroprusside|drug
DDI-DrugBank.d339.s3|155-169|nitro compounds|group
DDI-DrugBank.d339.s3|208-224|nitroferricyanide|group
DDI-DrugBank.d339.s4|32-39| SUPRAX |brand
DDI-DrugBank.d339.s4|112-122| Clinitest |group
DDI-DrugBank.d339.s4|125-136| Benedict's |group
DDI-DrugBank.d339.s4|151-161| Fehling's |group
DDI-DrugBank.d339.s6|9-21|cephalosporin|brand
DDI-DrugBank.d339.s6|88-98|antibiotics|group
DDI-DrugBank.d339.s7|55-61|aspirin|brand
DDI-DrugBank.d339.s7|86-102|Clostridium toxin|drug
DDI-DrugBank.d172.s0|1-9|celecoxib|drug
DDI-DrugBank.d172.s1|2-10|celecoxib|drug
DDI-DrugBank.d172.s2|15-23|celecoxib|drug
DDI-DrugBank.d172.s2|29-63|drugs that are known to inhibit 2C9|group
DDI-DrugBank.d172.s3|39-47|celecoxib|brand
DDI-DrugBank.d172.s4|36-44|celecoxib|drug
DDI-DrugBank.d172.s6|28-36|celecoxib|brand
DDI-DrugBank.d172.s6|96-112|antifungal agents|group
DDI-DrugBank.d172.s6|115-125|fluconazole|drug_n
DDI-DrugBank.d172.s6|132-145|anticoagulants|group
DDI-DrugBank.d172.s6|148-154|Lithium|brand
DDI-DrugBank.d172.s7|36-58|anti-inflammatory drugs|group
DDI-DrugBank.d172.s7|61-66|NSAIDs|brand
DDI-DrugBank.d172.s7|136-149|ACE inhibitors|group
DDI-DrugBank.d172.s8|81-99|antidiabetic agents|group
DDI-DrugBank.d172.s8|102-118|antifungal agents|group
DDI-DrugBank.d172.s8|121-132|methotrexate|drug
DDI-DrugBank.d172.s8|135-154|anti-epileptic drugs|group
DDI-DrugBank.d172.s8|157-176|anti-diabetic agents|group
DDI-DrugBank.d172.s8|183-196|anticoagulants|group
DDI-DrugBank.d172.s9|94-122|Angiotensin Converting Enzyme|group
DDI-DrugBank.d172.s9|125-127|ACE|drug
DDI-DrugBank.d172.s10|70-77|CELEBREX|brand
DDI-DrugBank.d172.s10|98-111|ACE-inhibitors|group
DDI-DrugBank.d172.s11|137-146|furosemide|drug
DDI-DrugBank.d172.s13|26-33|Celebrex|brand
DDI-DrugBank.d172.s13|52-58|aspirin|brand
DDI-DrugBank.d172.s14|45-51|aspirin|brand
DDI-DrugBank.d172.s14|58-65|Celebrex|group
DDI-DrugBank.d172.s14|159-166|Celebrex|group
DDI-DrugBank.d172.s15|2-10|`CELEBREX|drug
DDI-DrugBank.d172.s15|13-19|aspirin|brand
DDI-DrugBank.d172.s16|50-60|fluconazole|brand
DDI-DrugBank.d172.s17|49-57|celecoxib|drug
DDI-DrugBank.d172.s17|279-287|celecoxib|drug
DDI-DrugBank.d172.s17|293-303|fluconazole|drug
DDI-DrugBank.d172.s18|98-114|antifungal agents|group
DDI-DrugBank.d172.s19|16-22|Lithium|drug
DDI-DrugBank.d172.s19|289-295|Lithium|brand
DDI-DrugBank.d172.s19|358-364|Lithium|drug
DDI-DrugBank.d172.s19|433-439|Lithium|drug
DDI-DrugBank.d172.s19|511-517|Lithium|drug
DDI-DrugBank.d172.s20|1-8|CELEBREX|brand
DDI-DrugBank.d172.s21|0-11|methotrexate|drug
DDI-DrugBank.d172.s21|78-89|methotrexate|drug
DDI-DrugBank.d172.s21|162-173|methotrexate|drug
DDI-DrugBank.d172.s22|38-46|celecoxib|group
DDI-DrugBank.d172.s23|19-27|celecoxib|brand
DDI-DrugBank.d172.s23|47-60|anticoagulants|group
DDI-DrugBank.d172.s23|72-79|warfarin|brand
DDI-DrugBank.d172.s24|51-58|CELEBREX|brand
DDI-DrugBank.d141.s1|53-64|Cerivastatin|drug
DDI-DrugBank.d141.s1|130-136|ANTACID|brand
DDI-DrugBank.d141.s3|44-57|cholestyramine|brand
DDI-DrugBank.d141.s4|64-82|cerivastatin sodium|brand
DDI-DrugBank.d141.s4|196-214|cerivastatin sodium|brand
DDI-DrugBank.d141.s5|161-179|cerivastatin sodium|brand
DDI-DrugBank.d141.s5|261-272|cerivastatin|brand
DDI-DrugBank.d141.s5|355-366|cerivastatin|brand
DDI-DrugBank.d141.s6|2-20|cerivastatin sodium|drug
DDI-DrugBank.d141.s7|2-8|digoxin|drug
DDI-DrugBank.d141.s7|18-24|digoxin|drug
DDI-DrugBank.d141.s7|37-43|digoxin|drug
DDI-DrugBank.d141.s8|91-104|anticoagulants|group
DDI-DrugBank.d141.s10|11-18|warfarin|brand
DDI-DrugBank.d141.s10|24-35|cerivastatin|brand
DDI-DrugBank.d141.s10|79-86|warfarin|brand
DDI-DrugBank.d141.s10|135-141|statins|group
DDI-DrugBank.d141.s11|2-9|warfarin|drug
DDI-DrugBank.d141.s11|15-32|cervastatin sodium|group
DDI-DrugBank.d141.s13|106-124|cerivastatin sodium|drug
DDI-DrugBank.d287.s0|2-11|cevimeline|drug
DDI-DrugBank.d287.s1|17-34|cholinergic agents|group
DDI-DrugBank.d287.s1|39-58|parasympathomimetics|group
DDI-DrugBank.d287.s2|2-11|cevimeline|drug
DDI-DrugBank.d287.s2|45-58|antimuscarinic|drug
DDI-DrugBank.d287.s2|71-75|drugs|group
DDI-DrugBank.d287.s5|127-136|cevimeline|brand
DDI-DrugBank.d255.s0|29-40|chlorambucil|brand
DDI-DrugBank.d110.s1|0-14|antiarrhythmics|drug
DDI-DrugBank.d110.s2|0-6|Aspirin|drug
DDI-DrugBank.d110.s3|48-58|vasopressin|drug
DDI-DrugBank.d110.s3|147-157|ergotamines|group
DDI-DrugBank.d110.s5|15-28|chloroprocaine|drug
DDI-DrugBank.d110.s5|77-93|sulfonamide drugs|group
DDI-DrugBank.d429.s0|19-24|kaolin|group
DDI-DrugBank.d429.s0|27-34|Antacids|group
DDI-DrugBank.d429.s0|40-45|kaolin|group
DDI-DrugBank.d429.s0|72-88|clostridium toxin|drug_n
DDI-DrugBank.d429.s1|1-14|anticoagulants|group
DDI-DrugBank.d429.s1|37-53|antifungal agents|group
DDI-DrugBank.d429.s1|227-237|chloroquine|brand
DDI-DrugBank.d429.s2|2-13| Cimetidine |drug
DDI-DrugBank.d429.s2|16-27| Cimetidine |drug
DDI-DrugBank.d429.s2|59-71| chloroquine |brand
DDI-DrugBank.d429.s5|58-68|chloroquine|brand
DDI-DrugBank.d429.s7|1-11|chloroquine|drug
DDI-DrugBank.d446.s0|39-45|aspirin|brand
DDI-DrugBank.d446.s0|48-59|barbiturates|group
DDI-DrugBank.d446.s0|62-74|bromocriptine|group
DDI-DrugBank.d446.s0|180-187|nicotine|group
DDI-DrugBank.d446.s0|190-199|somatropin|group
DDI-DrugBank.d446.s0|202-210|tamoxifen|group
DDI-DrugBank.d446.s0|217-224|warfarin|brand
DDI-DrugBank.d245.s0|33-50|acetilsalicic acid|drug
DDI-DrugBank.d245.s0|502-512|salicylates|drug
DDI-DrugBank.d245.s0|515-526|sulfonamides|group
DDI-DrugBank.d245.s0|529-543|chloramphenicol|drug
DDI-DrugBank.d245.s0|546-555|probenecid|drug
DDI-DrugBank.d245.s0|558-566|coumarins|group
DDI-DrugBank.d245.s0|569-596|monoamine oxidase inhibitors|group
DDI-DrugBank.d245.s0|834-845|sulfonamides|group
DDI-DrugBank.d245.s0|848-862|chloramphenicol|drug
DDI-DrugBank.d245.s1|0-8|DIABINESE|drug
DDI-DrugBank.d245.s2|0-8|DIABINESE|drug
DDI-DrugBank.d245.s3|2-6|drugs|drug
DDI-DrugBank.d245.s4|12-20|thiazides|group
DDI-DrugBank.d245.s4|32-40|diuretics|group
DDI-DrugBank.d245.s4|43-57|corticosteroids|group
DDI-DrugBank.d245.s4|60-73|phenothiazines|group
DDI-DrugBank.d245.s4|76-91|thyroid products|group
DDI-DrugBank.d245.s4|94-102|estrogens|group
DDI-DrugBank.d245.s4|105-123|oral contraceptives|group
DDI-DrugBank.d245.s4|126-134|Phenytoin|brand
DDI-DrugBank.d245.s4|137-150|nicotinic acid|group
DDI-DrugBank.d245.s4|153-168|sympathomimetics|group
DDI-DrugBank.d245.s4|171-200|calcium channel blocking drugs|group
DDI-DrugBank.d245.s4|207-215|isoniazid|drug
DDI-DrugBank.d245.s5|10-18|DIABINESE|brand
DDI-DrugBank.d245.s6|16-24|DIABINESE|brand
DDI-DrugBank.d245.s7|55-66|barbiturates|brand
DDI-DrugBank.d245.s7|101-113|antidiabetics|group
DDI-DrugBank.d245.s7|116-127|barbiturates|brand
DDI-DrugBank.d245.s9|60-69|miconazole|brand
DDI-DrugBank.d245.s10|101-110|miconazole|brand
DDI-DrugBank.d171.s0|9-15|Tagamet|brand
DDI-DrugBank.d171.s0|377-390|anticoagulants|group
DDI-DrugBank.d171.s0|393-407|anti-epileptics|group
DDI-DrugBank.d171.s0|410-425|anti-arrhythmics|group
DDI-DrugBank.d171.s0|428-446|anti-anxiety agents|group
DDI-DrugBank.d171.s0|449-473|tricyclic antidepressants|group
DDI-DrugBank.d171.s0|476-484|lidocaine|brand
DDI-DrugBank.d171.s0|487-498|theophylline|group
DDI-DrugBank.d171.s0|504-516|metronidazole|brand
DDI-DrugBank.d171.s1|0-7|warfarin|drug
DDI-DrugBank.d171.s1|9-22|anticoagulants|group
DDI-DrugBank.d171.s2|2-12|prothrombin|drug
DDI-DrugBank.d171.s2|15-28|anticoagulants|group
DDI-DrugBank.d171.s2|31-37|Tagamet|brand
DDI-DrugBank.d171.s3|21-29|phenytoin|drug
DDI-DrugBank.d171.s3|32-40|Lidocaine|brand
DDI-DrugBank.d171.s3|47-58|Theophylline|drug
DDI-DrugBank.d171.s4|449-455|Tagamet|group
DDI-DrugBank.d171.s4|545-580|Theo-Dur , Key Pharmaceuticals, Inc.|brand
DDI-DrugBank.d171.s7|23-30|antacids|group
DDI-DrugBank.d171.s7|80-84|drugs|group
DDI-DrugBank.d171.s9|76-83|antacids|group
DDI-DrugBank.d171.s10|2-8|Tagamet|drug
DDI-DrugBank.d237.s0|0-8|cisapride|drug
DDI-DrugBank.d237.s1|117-125|cisapride|brand
DDI-DrugBank.d237.s1|215-223|cisapride|brand
DDI-DrugBank.d237.s3|98-117|belladonna alkaloids|drug
DDI-DrugBank.d237.s3|123-138|anticholinergics|group
DDI-DrugBank.d237.s3|199-207|cisapride|brand
DDI-DrugBank.d237.s4|49-67|oral anticoagulants|drug
DDI-DrugBank.d237.s5|113-121|cisapride|brand
DDI-DrugBank.d237.s5|170-183|anticoagulants|group
DDI-DrugBank.d237.s6|29-38|nefazodone|drug
DDI-DrugBank.d237.s6|81-90|nefazodone|drug
DDI-DrugBank.d237.s6|119-127|cisapride|drug
DDI-DrugBank.d237.s6|172-180|cisapride|drug
DDI-DrugBank.d237.s9|91-99|cisapride|brand
DDI-DrugBank.d237.s10|32-43| Cimetidine |drug
DDI-DrugBank.d237.s10|121-131| cisapride |brand
DDI-DrugBank.d237.s10|156-166| cisapride |brand
DDI-DrugBank.d237.s10|210-221| ranitidine |drug
DDI-DrugBank.d237.s11|48-57|cimetidine|brand
DDI-DrugBank.d237.s11|63-72|ranitidine|brand
DDI-DrugBank.d237.s11|123-131|cisapride|group
DDI-DrugBank.d237.s12|60-68|indinavir|brand
DDI-DrugBank.d237.s14|165-173|quinidine|brand
DDI-DrugBank.d237.s14|179-190|procainamide|brand
DDI-DrugBank.d237.s14|216-222|sotalol|brand
DDI-DrugBank.d237.s16|14-40|tetracyclic antidepressants|group
DDI-DrugBank.d237.s16|43-53|maprotiline|brand
DDI-DrugBank.d237.s17|15-28|antipsychotics|group
DDI-DrugBank.d237.s17|51-60|sertindole|brand
DDI-DrugBank.d237.s18|2-11|astemizole|drug
DDI-DrugBank.d237.s18|14-21|bepridil|brand
DDI-DrugBank.d237.s18|75-84|terodiline|drug
DDI-DrugBank.d237.s19|31-35|drugs|group
DDI-DrugBank.d237.s20|0-8|cisapride|drug
DDI-DrugBank.d237.s21|2-12|therapeutic|drug
DDI-DrugBank.d237.s21|19-24|narrow|group
DDI-DrugBank.d237.s21|26-32|require|drug
DDI-DrugBank.d237.s21|41-49|titrating|group
DDI-DrugBank.d237.s21|56-57|or|drug
DDI-DrugBank.d237.s21|64-68|drugs|group
DDI-DrugBank.d237.s21|74-80|require|drug
DDI-DrugBank.d237.s21|89-97|titration|group
DDI-DrugBank.d237.s21|108-115|followed|group
DDI-DrugBank.d464.s0|82-95|phenothiazines|group
DDI-DrugBank.d464.s0|98-110|tranquilizers|group
DDI-DrugBank.d464.s0|113-130|sedative-hypnotics|group
DDI-DrugBank.d464.s1|12-18|aspirin|brand
DDI-DrugBank.d464.s2|0-10|combination|drug
DDI-DrugBank.d464.s2|63-68|agents|brand
DDI-DrugBank.d250.s0|22-32|antibiotics|group
DDI-DrugBank.d250.s0|35-49|aminoglycosides|group
DDI-DrugBank.d250.s0|55-63|polymyxin|group
DDI-DrugBank.d250.s1|84-106|Coly-Mycin M Parenteral|brand
DDI-DrugBank.d250.s2|37-48|tubocurarine|brand
DDI-DrugBank.d250.s3|9-26|Sodium cephalothin|drug
DDI-DrugBank.d250.s3|62-84|Coly-Mycin M Parenteral|brand
DDI-DrugBank.d317.s0|1-13|`INTERACTIONS|drug
DDI-DrugBank.d317.s1|28-38|prothrombin|drug
DDI-DrugBank.d317.s3|42-55|anticoagulants|group
DDI-DrugBank.d317.s3|63-76|anticoagulants|group
DDI-DrugBank.d317.s3|122-135|anticoagulants|group
DDI-DrugBank.d317.s3|155-168|anticoagulants|group
DDI-DrugBank.d317.s3|183-202|beta-thromboglobulin|drug_n
DDI-DrugBank.d317.s4|119-140|coagulation inhibitors|group
DDI-DrugBank.d317.s5|31-40|fibrinogen|drug
DDI-DrugBank.d317.s5|46-55|fibrinogen|drug
DDI-DrugBank.d317.s8|14-37|thyroid-binding globulin|drug
DDI-DrugBank.d317.s11|15-29|thyroid hormone|drug
DDI-DrugBank.d317.s11|79-93|thyroid hormone|drug
DDI-DrugBank.d317.s14|0-11|glutethimide|drug
DDI-DrugBank.d317.s17|2-8|Statins|drug
DDI-DrugBank.d317.s19|0-6|glucose|drug
DDI-DrugBank.d317.s21|20-29|metyrapone|brand
DDI-DrugBank.d439.s0|2-14|Corticotropin|drug
DDI-DrugBank.d101.s0|2-10|digitoxin|drug
DDI-DrugBank.d101.s2|2-10|digitoxin|drug
DDI-DrugBank.d101.s3|9-19|flucytosine|brand
DDI-DrugBank.d185.s0|11-16|ACZONE|drug
DDI-DrugBank.d185.s0|83-97|ACZONE Gel, 5%,|brand
DDI-DrugBank.d185.s0|151-179|trimethoprim/sulfamethoxazole|group
DDI-DrugBank.d185.s1|45-47|TMP|drug
DDI-DrugBank.d185.s1|53-55|SMX|group
DDI-DrugBank.d185.s2|44-50|Dapsone|brand
DDI-DrugBank.d185.s2|67-77|antibiotics|group
DDI-DrugBank.d185.s2|121-123|TMP|brand
DDI-DrugBank.d185.s2|125-127|SMX|brand
DDI-DrugBank.d185.s3|16-18|TMP|brand
DDI-DrugBank.d185.s3|22-24|SMX|group
DDI-DrugBank.d185.s3|138-140|TMP|drug
DDI-DrugBank.d185.s3|144-146|SMX|group
DDI-DrugBank.d185.s5|26-32|dapsone|group
DDI-DrugBank.d185.s5|65-71|dapsone|group
DDI-DrugBank.d185.s5|104-110|dapsone|group
DDI-DrugBank.d185.s6|11-22|oral dapsone|drug
DDI-DrugBank.d185.s6|66-78|pyrimethamine|brand
DDI-DrugBank.d69.s0|14-23|Cerubidine|brand
DDI-DrugBank.d69.s1|1-10|Cerubidine|drug
DDI-DrugBank.d69.s1|16-26|Doxorubicin|group
DDI-DrugBank.d69.s1|33-42|Cerubidine|drug
DDI-DrugBank.d69.s3|18-27|Cerubidine|drug
DDI-DrugBank.d69.s3|53-62|Cerubidine|drug
DDI-DrugBank.d69.s4|2-13|methotrexate|drug
DDI-DrugBank.d197.s2|58-68|sevoflurane|brand
DDI-DrugBank.d197.s2|71-80|isoflurane|brand
DDI-DrugBank.d197.s2|83-90|propofol|brand
DDI-DrugBank.d197.s2|93-102|alfentanil|brand
DDI-DrugBank.d197.s2|109-117|midazolam|brand
DDI-DrugBank.d197.s3|44-58|dexmedetomidine|brand
DDI-DrugBank.d197.s3|64-73|isoflurane|brand
DDI-DrugBank.d197.s3|76-83|propofol|brand
DDI-DrugBank.d197.s3|86-95|alfentanil|brand
DDI-DrugBank.d197.s3|102-110|midazolam|brand
DDI-DrugBank.d197.s4|81-88|PRECEDEX|brand
DDI-DrugBank.d197.s4|116-123|PRECEDEX|brand
DDI-DrugBank.d197.s5|86-93|PRECEDEX|brand
DDI-DrugBank.d197.s5|259-268|rocuronium|drug
DDI-DrugBank.d181.s0|27-35|oxytocics|group
DDI-DrugBank.d181.s1|2-13|combinations|drug
DDI-DrugBank.d181.s1|17-27|therapeutic|brand
DDI-DrugBank.d181.s1|33-41|advantage|group
DDI-DrugBank.d181.s1|49-61|`concurrently|drug
DDI-DrugBank.d181.s1|69-75|patient|group
DDI-DrugBank.d168.s0|9-22|antihistamines|group
DDI-DrugBank.d168.s0|28-34|aspirin|brand
DDI-DrugBank.d168.s0|39-72|monoamine oxidase (MAO) inhibitors|group
DDI-DrugBank.d168.s0|78-93|anticholinergics|group
DDI-DrugBank.d168.s0|99-113|CNS depressants|group
DDI-DrugBank.d168.s0|118-131|antihistamines|group
DDI-DrugBank.d19.s1|73-87|anticonvulsants|group
DDI-DrugBank.d19.s2|59-67|PHENYTOIN|drug
DDI-DrugBank.d19.s2|82-90|PHENYTOIN|drug
DDI-DrugBank.d19.s2|129-138|DISULFIRAM|group
DDI-DrugBank.d19.s2|156-164|PHENYTOIN|drug
DDI-DrugBank.d19.s2|186-194|PHENYTOIN|drug
DDI-DrugBank.d19.s5|22-41|antiepileptic agents|group
DDI-DrugBank.d19.s5|76-84|phenytoin|brand
DDI-DrugBank.d19.s6|55-68|anticoagulants|group
DDI-DrugBank.d19.s6|97-106|disulfiram|brand
DDI-DrugBank.d19.s6|115-124|disulfiram|brand
DDI-DrugBank.d19.s7|19-27|isoniazid|drug
DDI-DrugBank.d19.s7|34-43|disulfiram|drug
DDI-DrugBank.d19.s8|10-19|disulfiram|drug
DDI-DrugBank.d19.s9|41-54|anticoagulants|group
DDI-DrugBank.d19.s9|60-66|nitrite|brand
DDI-DrugBank.d19.s9|159-168|disulfiram|brand
DDI-DrugBank.d19.s9|185-192|nitrites|brand
DDI-DrugBank.d19.s11|7-6||drug
DDI-DrugBank.d371.s0|2-9|TAXOTERE|drug
DDI-DrugBank.d371.s1|51-59|docetaxel|brand
DDI-DrugBank.d371.s1|197-269|cyclosporine, terfenadine, ketoconazole, erythromycin, and troleandomycin|group
DDI-DrugBank.d371.s2|47-65|chemotherapy agents|group
DDI-DrugBank.d371.s2|100-107|TAXOTERE|brand
DDI-DrugBank.d367.s0|0-8|doxazosin|drug
DDI-DrugBank.d367.s1|9-16|warfarin|group
DDI-DrugBank.d367.s1|21-29|phenytoin|group
DDI-DrugBank.d367.s1|64-44||group
DDI-DrugBank.d367.s1|80-60||group
DDI-DrugBank.d367.s2|81-89|doxazosin|brand
DDI-DrugBank.d367.s3|17-24|mesylate|drug
DDI-DrugBank.d367.s4|103-111|doxazosin|brand
DDI-DrugBank.d367.s4|152-161|cimetidine|group
DDI-DrugBank.d367.s4|226-234|doxazosin|brand
DDI-DrugBank.d367.s4|338-346|doxazosin|brand
DDI-DrugBank.d367.s5|2-10|doxazosin|drug
DDI-DrugBank.d367.s6|2-19|doxazosin mesylate|drug
DDI-DrugBank.d367.s8|1-9|doxazosin|drug
DDI-DrugBank.d367.s9|36-53|acetilsalicic acid|drug
DDI-DrugBank.d367.s9|56-62|aspirin|brand
DDI-DrugBank.d367.s9|137-145|ibuprofen|drug
DDI-DrugBank.d367.s9|148-159|indomethacin|drug
DDI-DrugBank.d367.s11|34-45|erythromycin|drug
DDI-DrugBank.d367.s11|48-80|trimethoprim and sulfamethoxazole|group
DDI-DrugBank.d367.s11|83-93|amoxicillin|drug
DDI-DrugBank.d367.s13|28-43|chlorpheniramine|drug
DDI-DrugBank.d367.s15|0-11|ateno**l**ol|drug
DDI-DrugBank.d367.s15|14-36|hydrochloro**thi**azide|drug
DDI-DrugBank.d367.s15|39-53|propranol**ol**|drug
DDI-DrugBank.d367.s17|0-14|Corticosteroids|drug
DDI-DrugBank.d367.s18|124-123||drug
DDI-DrugBank.d367.s19|0-7|antacids|drug
DDI-DrugBank.d367.s21|2-14|hypoglycemics|drug
DDI-DrugBank.d367.s21|16-30|endocrine drugs|group
DDI-DrugBank.d367.s22|465-482|acetilsalicic acid|drug
DDI-DrugBank.d367.s22|634-638|xanax|brand
DDI-DrugBank.d367.s23|43-50|diazepam|brand
DDI-DrugBank.d367.s25|0-17|acetilsalicic acid|drug
DDI-DrugBank.d223.s0|0-18|cytochrome P450 2D6|drug
DDI-DrugBank.d223.s0|20-30|debrisoquin|drug
DDI-DrugBank.d223.s1|54-63| P450 2D6 |drug
DDI-DrugBank.d223.s3|36-53|acetilsalicic acid|drug
DDI-DrugBank.d223.s3|184-186|TCA|group
DDI-DrugBank.d223.s4|16-23|inhibits|drug
DDI-DrugBank.d223.s5|53-55|TCA|brand
DDI-DrugBank.d223.s5|118-122|drugs|group
DDI-DrugBank.d223.s6|0-8|quinidine|drug
DDI-DrugBank.d223.s6|14-27|anticoagulants|group
DDI-DrugBank.d223.s6|115-131|clostridium toxin|drug_n
DDI-DrugBank.d223.s6|135-148|anticoagulants|group
DDI-DrugBank.d223.s7|0-11|cenimetidine|drug
DDI-DrugBank.d223.s8|1-39|selective serotonin reuptake inhibitors|group
DDI-DrugBank.d223.s8|42-51|citalopram|brand
DDI-DrugBank.d223.s8|54-65|escitalopram|brand
DDI-DrugBank.d223.s8|68-77|fluoxetine|brand
DDI-DrugBank.d223.s8|80-89|sertraline|brand
DDI-DrugBank.d223.s8|96-105|paroxetine|brand
DDI-DrugBank.d223.s9|27-36|Fluoxetine|brand
DDI-DrugBank.d223.s9|154-163|Fluoxetine|brand
DDI-DrugBank.d223.s10|77-91|antidepressants|group
DDI-DrugBank.d223.s10|109-147|selective serotonin reuptake inhibitors|group
DDI-DrugBank.d223.s12|75-116|drugs that can inhibit cytochrome P450 2D6|group
DDI-DrugBank.d223.s12|240-243|drug|group
DDI-DrugBank.d223.s13|47-53|aspirin|brand
DDI-DrugBank.d223.s13|58-62|xanax|brand
DDI-DrugBank.d223.s14|7-31|tricyclic antidepressants|drug
DDI-DrugBank.d223.s14|33-59|drugs that inhibit p450 2d6|group
DDI-DrugBank.d223.s15|2-8|doxepin|drug
DDI-DrugBank.d223.s16|42-80|selective serotonin reuptake inhibitors|group
DDI-DrugBank.d223.s16|184-192|quinidine|brand
DDI-DrugBank.d223.s17|0-5|CYP2D6|drug
DDI-DrugBank.d223.s18|2-8|doxepin|drug
DDI-DrugBank.d223.s20|15-28|MAO inhibitors|group
DDI-DrugBank.d223.s20|121-128|SINEQUAN|brand
DDI-DrugBank.d223.s21|444-446|MAO|brand
DDI-DrugBank.d223.s22|2-13| Cimetidine |drug
DDI-DrugBank.d223.s23|15-29|anticholinergic|group
DDI-DrugBank.d223.s23|163-186|tricyclic antidepressant|brand
DDI-DrugBank.d223.s23|193-202|cimetidine|group
DDI-DrugBank.d223.s24|217-176||drug
DDI-DrugBank.d223.s26|8-14|alcohol|drug
DDI-DrugBank.d223.s26|18-25|SINEQUAN|group
DDI-DrugBank.d223.s27|2-8|alcohol|drug
DDI-DrugBank.d44.s0|2-8|RAPTIVA|drug
DDI-DrugBank.d44.s1|2-8|RAPTIVA|drug
DDI-DrugBank.d44.s1|58-80|immunosuppressive drugs|group
DDI-DrugBank.d44.s2|56-80| anti-inflammatory agents|group
DDI-DrugBank.d44.s3|152-158|RAPTIVA|brand
DDI-DrugBank.d531.s1|112-118|SUSTIVA|brand
DDI-DrugBank.d531.s1|121-129|efavirenz|drug
DDI-DrugBank.d531.s2|46-54|efavirenz|brand
DDI-DrugBank.d531.s2|118-126|efavirenz|brand
DDI-DrugBank.d531.s3|24-32|efavirenz|drug
DDI-DrugBank.d531.s3|39-83|drugs primarily metabolized by these isozymes|group
DDI-DrugBank.d531.s3|151-159|efavirenz|drug
DDI-DrugBank.d531.s4|7-11|drugs|drug
DDI-DrugBank.d531.s4|100-104|drugs|drug
DDI-DrugBank.d531.s5|0-12|phenobarbital|drug
DDI-DrugBank.d531.s5|15-35|rifamycin antibiotics|group
DDI-DrugBank.d531.s5|38-47|rifamycins|group
DDI-DrugBank.d531.s5|54-65|barbiturates|group
DDI-DrugBank.d531.s5|95-102|rifampin|group
DDI-DrugBank.d531.s5|182-182|n|drug
DDI-DrugBank.d531.s6|1-7|SUSTIVA|brand
DDI-DrugBank.d531.s7|2-10| SUSTIVA |drug
DDI-DrugBank.d531.s8|2-5|Drug|drug
DDI-DrugBank.d531.s8|9-13|Class|group
DDI-DrugBank.d531.s9|57-63|Sustiva|group
DDI-DrugBank.d531.s10|11-25|Antihistamines:|group
DDI-DrugBank.d531.s10|32-46|Benzodiazepines|brand
DDI-DrugBank.d531.s10|53-71|G I Motility Agents|group
DDI-DrugBank.d531.s10|78-90|Anti-Migraine|group
DDI-DrugBank.d531.s10|97-113|Antifungal agents|group
DDI-DrugBank.d531.s11|61-77|ergot derivatives|group
DDI-DrugBank.d531.s12|0-28|Established Drug Interactions|drug
DDI-DrugBank.d531.s15|1-6|Effect|drug
DDI-DrugBank.d531.s16|0-42|human apt medicines known by a generic name|drug
DDI-DrugBank.d531.s19|11-17|SUSTIVA|brand
DDI-DrugBank.d531.s19|119-125|SUSTIVA|brand
DDI-DrugBank.d531.s20|1-9| SUSTIVA |drug
DDI-DrugBank.d531.s21|0-17|Acetilsalicic acid|drug
DDI-DrugBank.d531.s21|20-33|anticoagulants|group
DDI-DrugBank.d531.s21|35-53|antiplatelet agents|group
DDI-DrugBank.d531.s21|55-96|drugs used to treat cardiovascular disease|group
DDI-DrugBank.d531.s24|14-31|acetilsalicic acid|drug
DDI-DrugBank.d531.s25|0-13|Clarithromycin|drug
DDI-DrugBank.d531.s29|67-73|SUSTIVA|brand
DDI-DrugBank.d531.s30|2-15|clarithromycin|drug
DDI-DrugBank.d531.s31|2-15|clarithromycin|drug
DDI-DrugBank.d531.s31|18-29|azithromycin|drug
DDI-DrugBank.d531.s32|44-55|erythromycin|brand
DDI-DrugBank.d531.s36|7-15|indinavir|drug
DDI-DrugBank.d531.s37|2-10|indinavir|drug
DDI-DrugBank.d531.s38|15-23|indinavir|brand
DDI-DrugBank.d531.s38|93-112|indinavir metabolism|drug_n
DDI-DrugBank.d531.s39|12-20|indinavir|brand
DDI-DrugBank.d531.s39|115-123|indinavir|brand
DDI-DrugBank.d531.s39|217-225|indinavir|brand
DDI-DrugBank.d531.s41|0-8|lopinavir|drug
DDI-DrugBank.d531.s42|2-10|lopinavir|drug
DDI-DrugBank.d531.s42|14-20|SUSTIVA|brand
DDI-DrugBank.d531.s43|2-10|Methadone|drug
DDI-DrugBank.d531.s45|0-8|methadone|drug
DDI-DrugBank.d531.s45|10-16|opiates|group
DDI-DrugBank.d531.s47|66-74|methadone|drug
DDI-DrugBank.d531.s48|0-16|ethinyl estradiol|drug
DDI-DrugBank.d531.s49|0-16|ethinyl estradiol|drug
DDI-DrugBank.d531.s50|42-48|SUSTIVA|brand
DDI-DrugBank.d531.s50|50-58|efavirenz|drug
DDI-DrugBank.d531.s52|37-45|efavirenz|brand
DDI-DrugBank.d531.s53|15-14||drug
DDI-DrugBank.d531.s54|0-8|rifabutin|drug
DDI-DrugBank.d531.s56|28-36|rifabutin|brand
DDI-DrugBank.d531.s56|61-69|rifabutin|brand
DDI-DrugBank.d531.s57|1-10| Rufampin |drug
DDI-DrugBank.d531.s59|2-10|efavirenz|drug
DDI-DrugBank.d531.s60|1-11| Ritonavir |drug
DDI-DrugBank.d531.s62|0-17|acetilsalicic acid|drug
DDI-DrugBank.d531.s62|32-45|anticoagulants|group
DDI-DrugBank.d531.s62|47-55|analogues|group
DDI-DrugBank.d531.s62|57-68|glutethimide|drug
DDI-DrugBank.d531.s62|81-95|adverse effects|group
DDI-DrugBank.d531.s62|114-119|nausea|drug
DDI-DrugBank.d531.s62|144-156|abnormalities|group
DDI-DrugBank.d531.s62|167-179|liver enzymes|drug
DDI-DrugBank.d531.s63|0-8| SUSTIVA |drug
DDI-DrugBank.d531.s65|142-155|<Saquinavir />|drug
DDI-DrugBank.d531.s65|234-234| |drug
DDI-DrugBank.d531.s67|0-9|saquinavir|drug
DDI-DrugBank.d531.s67|77-83|SUSTIVA|brand
DDI-DrugBank.d531.s68|0-9|Sertraline|drug
DDI-DrugBank.d531.s69|0-9|sertraline|drug
DDI-DrugBank.d531.s70|2-11|sertraline|drug
DDI-DrugBank.d531.s71|88-94|SUSTIVA|brand
DDI-DrugBank.d531.s73|79-85|Sustiva|group
DDI-DrugBank.d531.s75|31-45|anticonvulsants|group
DDI-DrugBank.d531.s75|54-62|efavirenz|brand
DDI-DrugBank.d531.s78|0-6|SUSTIVA|drug
DDI-DrugBank.d531.s78|8-47|imidazole and triazole antifungal agents|group
DDI-DrugBank.d531.s79|72-88|antifungal agents|group
DDI-DrugBank.d531.s80|10-19|Saquinavir|brand
DDI-DrugBank.d531.s80|21-29|Ritonavir|brand
DDI-DrugBank.d531.s81|7-21|pharmacokinetic|drug
DDI-DrugBank.d531.s82|0-9|Amprenavir|drug
DDI-DrugBank.d531.s83|96-105|amprenavir|brand
DDI-DrugBank.d531.s84|1-47|Non-nucleoside reverse transcriptase inhibitors|group
DDI-DrugBank.d531.s86|52-66|St. John's Wort|brand
DDI-DrugBank.d531.s87|0-8|efavirenz|drug
DDI-DrugBank.d531.s87|10-16|SUSTIVA|brand
DDI-DrugBank.d531.s88|13-15|See|drug
DDI-DrugBank.d531.s90|139-147|efavirenz|drug
DDI-DrugBank.d531.s91|15-21|SUSTIVA|brand
DDI-DrugBank.d531.s91|72-76|NRTIs|group
DDI-DrugBank.d531.s91|89-98|lamivudine|brand
DDI-DrugBank.d531.s91|104-113|zidovudine|brand
DDI-DrugBank.d107.s0|29-37|Diuretics|group
DDI-DrugBank.d107.s0|60-68|Diuretics|group
DDI-DrugBank.d107.s0|99-107|Diuretics|group
DDI-DrugBank.d107.s0|244-252|Enalapril|brand
DDI-DrugBank.d107.s0|257-267|Enalaprilat|brand
DDI-DrugBank.d107.s1|48-61|ACE inhibitors|group
DDI-DrugBank.d107.s1|212-225|ACE inhibitors|group
DDI-DrugBank.d107.s2|35-42|diuretic|drug
DDI-DrugBank.d107.s3|34-42|enalapril|brand
DDI-DrugBank.d107.s3|48-59|enalapril IV|brand
DDI-DrugBank.d107.s3|91-113|antihypertensive agents|group
DDI-DrugBank.d107.s3|147-155|diuretics|group
DDI-DrugBank.d107.s4|120-128|enalapril|brand
DDI-DrugBank.d107.s5|0-17|acetilsalicic acid|drug
DDI-DrugBank.d107.s6|34-40|VASOTEC|brand
DDI-DrugBank.d107.s7|63-69|VASOTEC|brand
DDI-DrugBank.d107.s8|37-42|NSAIDs|brand
DDI-DrugBank.d107.s9|2-7|NSAIDs|drug
DDI-DrugBank.d107.s9|13-26|ACE inhibitors|group
DDI-DrugBank.d107.s11|52-60|digitalis|brand
DDI-DrugBank.d107.s12|0-8|Enalapril|drug
DDI-DrugBank.d107.s12|14-25|Enalapril IV|brand
DDI-DrugBank.d107.s13|2-28|potassium-sparing diuretics|group
DDI-DrugBank.d107.s13|37-50|spironolactone|brand
DDI-DrugBank.d107.s13|53-63|triamterene|brand
DDI-DrugBank.d107.s13|69-77|amiloride|brand
DDI-DrugBank.d107.s13|81-94|k+ supplements|brand
DDI-DrugBank.d107.s13|100-129|k+-containing salt substitutes|brand
DDI-DrugBank.d107.s14|43-56|anticoagulants|group
DDI-DrugBank.d107.s15|0-8|enalapril|drug
DDI-DrugBank.d107.s16|0-6|Lithium|drug
DDI-DrugBank.d107.s16|9-15|lithium|drug
DDI-DrugBank.d107.s16|66-72|lithium|drug
DDI-DrugBank.d107.s17|2-8|lithium|drug
DDI-DrugBank.d395.s0|69-76|enoxacin|brand
DDI-DrugBank.d395.s0|102-109|enoxacin|brand
DDI-DrugBank.d395.s0|137-144|enoxacin|brand
DDI-DrugBank.d395.s1|2-9|enoxacin|drug
DDI-DrugBank.d395.s1|15-21|bismuth|group
DDI-DrugBank.d395.s1|23-35|subsalicylate|group
DDI-DrugBank.d395.s2|19-35|antifungal agents|group
DDI-DrugBank.d395.s2|135-149|methylxanthines|brand
DDI-DrugBank.d395.s4|21-28|enoxacin|brand
DDI-DrugBank.d395.s4|63-70|caffeine|brand
DDI-DrugBank.d395.s4|76-83|enoxacin|brand
DDI-DrugBank.d395.s5|2-10|`Caffeine|drug
DDI-DrugBank.d395.s5|13-26|anticoagulants|group
DDI-DrugBank.d395.s6|2-14|`Cyclosporine|drug
DDI-DrugBank.d395.s6|17-154| Elevated serum levels of cyclosporine have been reported with concomitant use of cyclosporine with other members of the quinolone class. |drug
DDI-DrugBank.d395.s7|0-6|digoxin|drug
DDI-DrugBank.d395.s7|49-55|digoxin|drug
DDI-DrugBank.d395.s9|41-48|enoxacin|drug
DDI-DrugBank.d395.s9|54-61|fenbufen|drug
DDI-DrugBank.d395.s10|2-23|seizure-inducing drugs|drug
DDI-DrugBank.d395.s11|2-9|fenbufen|drug
DDI-DrugBank.d395.s12|21-28|antacids|drug
DDI-DrugBank.d395.s12|31-40|Quinolones|group
DDI-DrugBank.d395.s13|2-11|quinolones|drug
DDI-DrugBank.d395.s13|18-25|antacids|group
DDI-DrugBank.d395.s13|38-44|calcium|group
DDI-DrugBank.d395.s13|47-55|magnesium|group
DDI-DrugBank.d395.s13|61-68|aluminum|group
DDI-DrugBank.d395.s14|8-16|suclafate|drug
DDI-DrugBank.d395.s16|37-40|zinc|brand
DDI-DrugBank.d395.s16|75-85|antibiotics|group
DDI-DrugBank.d395.s16|143-153|antibiotics|group
DDI-DrugBank.d395.s17|16-33|aluminum hydroxide|drug
DDI-DrugBank.d395.s17|38-56|magnesium hydroxide|drug
DDI-DrugBank.d395.s17|61-68|antacids|group
DDI-DrugBank.d395.s17|73-80|enoxacin|brand
DDI-DrugBank.d395.s17|484-501|aluminum hydroxide|drug
DDI-DrugBank.d395.s17|506-524|magnesium hydroxide|drug
DDI-DrugBank.d395.s17|529-536|antacids|group
DDI-DrugBank.d395.s17|541-548|enoxacin|brand
DDI-DrugBank.d395.s18|139-147|rantidine|brand
DDI-DrugBank.d395.s19|166-173|Enoxacin|brand
DDI-DrugBank.d395.s19|283-293|antibiotics|group
DDI-DrugBank.d395.s20|20-27|Enoxacin|brand
DDI-DrugBank.d395.s20|118-132|methylxanthines|group
DDI-DrugBank.d395.s21|16-26|antibiotics|group
DDI-DrugBank.d395.s23|16-25|Quinolones|group
DDI-DrugBank.d395.s23|38-45|enoxacin|brand
DDI-DrugBank.d395.s23|112-127|racemic warfarin|drug
DDI-DrugBank.d395.s24|13-20|Enoxacin|drug
DDI-DrugBank.d395.s24|193-200|Enoxacin|drug
DDI-DrugBank.d395.s24|212-219|warfarin|group
DDI-DrugBank.d241.s0|62-67|FLOLAN|brand
DDI-DrugBank.d241.s0|101-123|antihypertensive agents|group
DDI-DrugBank.d241.s2|48-53|FLOLAN|brand
DDI-DrugBank.d241.s2|93-106|anticoagulants|group
DDI-DrugBank.d241.s3|27-32|FLOLAN|brand
DDI-DrugBank.d241.s3|48-54|digoxin|drug
DDI-DrugBank.d241.s3|223-229|digoxin|drug
DDI-DrugBank.d241.s3|252-257|FLOLAN|brand
DDI-DrugBank.d241.s3|309-318|furosemide|drug
DDI-DrugBank.d241.s3|333-339|digoxin|drug
DDI-DrugBank.d241.s4|2-11|furosemide|drug
DDI-DrugBank.d241.s5|21-27|digoxin|brand
DDI-DrugBank.d241.s5|52-58|digoxin|brand
DDI-DrugBank.d241.s5|108-113|FLOLAN|brand
DDI-DrugBank.d241.s5|173-179|digoxin|brand
DDI-DrugBank.d525.s2|12-17|CYP450|group
DDI-DrugBank.d525.s2|81-92|ketoconazole|brand
DDI-DrugBank.d525.s2|98-108|fluconazole|brand
DDI-DrugBank.d525.s2|132-136|CYP3A|group
DDI-DrugBank.d525.s2|142-144|2C9|group
DDI-DrugBank.d525.s2|198-207|eprosartan|group
DDI-DrugBank.d525.s3|2-11|ranitidine|drug
DDI-DrugBank.d525.s3|17-26|eprosartan|drug
DDI-DrugBank.d525.s4|1-10|Eprosartan|brand
DDI-DrugBank.d525.s4|118-126|diuretics|group
DDI-DrugBank.d525.s4|131-149|hydrochlorothiazide|brand
DDI-DrugBank.d525.s5|9-18|nifedipine|brand
DDI-DrugBank.d152.s0|68-86|oral contraceptives|brand
DDI-DrugBank.d152.s1|73-80|estrogen|brand
DDI-DrugBank.d152.s1|93-111|sulfobromophthalein|group
DDI-DrugBank.d152.s2|0-10|prothrombin|drug
DDI-DrugBank.d152.s2|22-40|coagulation factors|group
DDI-DrugBank.d152.s2|43-58|VII, VIII, IX, X|group
DDI-DrugBank.d152.s3|19-32|anticoagulants|group
DDI-DrugBank.d152.s4|0-13|norepinephrine|drug
DDI-DrugBank.d152.s4|26-39|norepinephrine|drug
DDI-DrugBank.d152.s5|2-16|thyroid hormone|drug
DDI-DrugBank.d152.s6|1-18| thyroid hormones |group
DDI-DrugBank.d152.s8|16-27|pregnanediol|group
DDI-DrugBank.d152.s11|0-17|acetilsalicic acid|drug
DDI-DrugBank.d359.s0|0-7|PEGANONE|drug
DDI-DrugBank.d359.s0|40-59|hematopoietic agents|group
DDI-DrugBank.d359.s1|51-59|Pegronone|brand
DDI-DrugBank.d359.s1|95-103|Phenurone|brand
DDI-DrugBank.d359.s1|106-116|phenacemide|brand
DDI-DrugBank.d359.s2|41-49|hydantoin|group
DDI-DrugBank.d359.s2|51-63|antiepileptic|drug
DDI-DrugBank.d359.s2|66-74|phenytoin|brand
DDI-DrugBank.d359.s2|85-92|coumarin|group
DDI-DrugBank.d359.s2|94-107|anticoagulants|group
DDI-DrugBank.d359.s3|18-26|phenytoin|drug
DDI-DrugBank.d359.s3|142-155|anticoagulants|group
DDI-DrugBank.d359.s5|0-7|ethotoin|drug
DDI-DrugBank.d359.s5|9-31|coumarin anticoagulants|group
DDI-DrugBank.d359.s6|54-61|Peganone|brand
DDI-DrugBank.d359.s6|94-107|anticoagulants|group
DDI-DrugBank.d219.s0|94-107|ACE-inhibitors|group
DDI-DrugBank.d219.s1|0-5|NSAIDs|drug
DDI-DrugBank.d219.s1|7-20|ACE-inhibitors|group
DDI-DrugBank.d219.s2|1-8|antacids|drug
DDI-DrugBank.d219.s2|15-22|antacids|group
DDI-DrugBank.d219.s3|9-16|antacids|group
DDI-DrugBank.d219.s5|2-12|interaction|drug
DDI-DrugBank.d219.s6|2-7|Lodine|brand
DDI-DrugBank.d219.s6|9-15|aspirin|brand
DDI-DrugBank.d219.s7|21-27|Digoxin|group
DDI-DrugBank.d219.s7|199-210|cyclosporine|drug
DDI-DrugBank.d219.s7|213-219|digoxin|drug
DDI-DrugBank.d219.s7|222-233|methotrexate|drug
DDI-DrugBank.d219.s8|35-46|cyclosporine|group
DDI-DrugBank.d219.s9|33-38|NSAIDs|drug
DDI-DrugBank.d219.s9|75-79|NSAID|group
DDI-DrugBank.d219.s9|515-520|NSAIDs|group
DDI-DrugBank.d219.s10|25-32|Etodolac|drug
DDI-DrugBank.d219.s10|38-47|Furosemide|group
DDI-DrugBank.d219.s10|53-71|Hydrochlorothiazide|group
DDI-DrugBank.d219.s11|104-109|Lodine|brand
DDI-DrugBank.d219.s11|148-171|furosemide and thiazides|group
DDI-DrugBank.d219.s13|38-44|aspirin|brand
DDI-DrugBank.d219.s14|2-10|glyburide|drug
DDI-DrugBank.d219.s14|13-20|Etodolac|drug
DDI-DrugBank.d219.s14|91-99|glyburide|drug
DDI-DrugBank.d219.s15|2-8|Lithium|drug
DDI-DrugBank.d219.s16|2-8|lithium|drug
DDI-DrugBank.d219.s18|25-38|anticoagulants|drug
DDI-DrugBank.d219.s19|1-14|Phenylbutazone|brand
DDI-DrugBank.d219.s19|19-25|eodolac|drug
DDI-DrugBank.d219.s20|60-67|etodolac|brand
DDI-DrugBank.d219.s20|113-126|phenylbutazone|brand
DDI-DrugBank.d219.s21|0-8|Phenytoin|drug
DDI-DrugBank.d219.s21|11-18|Etodolac|brand
DDI-DrugBank.d219.s21|87-95|Phenytoin|drug
DDI-DrugBank.d219.s22|23-28|NSAIDs|group
DDI-DrugBank.d219.s23|107-112|Lodine|brand
DDI-DrugBank.d219.s23|115-124|probenecid|group
DDI-DrugBank.d219.s24|76-83|warfarin|brand
DDI-DrugBank.d219.s24|108-115|warfarin|brand
DDI-DrugBank.d219.s24|135-140|Lodine|brand
DDI-DrugBank.d219.s25|0-7|warfarin|drug
DDI-DrugBank.d219.s25|9-14|Lodine|brand
DDI-DrugBank.d219.s26|154-167|anticoagulants|group
DDI-DrugBank.d219.s26|208-215|warfarin|group
DDI-DrugBank.d219.s27|69-74|Lodine|brand
DDI-DrugBank.d219.s27|134-141|urobilin|group
DDI-DrugBank.d219.s27|191-198|etodolac|drug
DDI-DrugBank.d219.s31|12-17|Lodine|brand
DDI-DrugBank.d219.s31|24-32|treatment|group
DDI-DrugBank.d219.s31|39-47|uric acid|drug
DDI-DrugBank.d219.s32|97-104|etodolac|brand
DDI-DrugBank.d219.s33|0-17|Acetilsalicic acid|drug
DDI-DrugBank.d104.s0|87-98|guanethidine|group
DDI-DrugBank.d104.s0|101-110|methyldopa|group
DDI-DrugBank.d104.s0|113-121|reserpine|group
DDI-DrugBank.d104.s1|2-13|fenfluramine|drug
DDI-DrugBank.d546.s0|2-24|<name>fenoldopam</name>|drug
DDI-DrugBank.d546.s1|11-20|fenoldopam|drug
DDI-DrugBank.d546.s1|180-192|beta-blockers|group
DDI-DrugBank.d546.s2|0-9|fenoldopam|drug
DDI-DrugBank.d546.s2|11-19|digitalis|group
DDI-DrugBank.d546.s2|21-33|nitroglycerin|brand
DDI-DrugBank.d546.s3|83-96|alpha-blockers|brand
DDI-DrugBank.d546.s3|99-122|calcium channel-blockers|group
DDI-DrugBank.d546.s3|125-138|ACE inhibitors|group
DDI-DrugBank.d776.s0|71-78|DIFLUCAN|brand
DDI-DrugBank.d776.s1|49-56|DIFLUCAN|brand
DDI-DrugBank.d776.s1|83-99|antifungal agents|group
DDI-DrugBank.d776.s2|53-70|Oral hypoglycemics|group
DDI-DrugBank.d776.s2|73-100|Coumarin-type anticoagulants|brand
DDI-DrugBank.d776.s2|154-161|Rifampin|brand
DDI-DrugBank.d776.s2|164-111||drug
DDI-DrugBank.d776.s2|178-131||drug
DDI-DrugBank.d776.s2|191-199|Cisapride|brand
DDI-DrugBank.d776.s2|202-211|Astemizole|brand
DDI-DrugBank.d776.s2|214-222|Rifabutin|brand
DDI-DrugBank.d776.s2|225-155||drug
DDI-DrugBank.d776.s2|237-264|Short-acting benzodiazepines|group
DDI-DrugBank.d776.s2|268-285|Oral hypoglycemics|group
DDI-DrugBank.d776.s2|358-365|DIFLUCAN|brand
DDI-DrugBank.d776.s3|86-93|DIFLUCAN|brand
DDI-DrugBank.d776.s4|9-19|tolbutamide|drug
DDI-DrugBank.d776.s4|22-30|glyburide|drug
DDI-DrugBank.d776.s4|37-45|glipizide|drug
DDI-DrugBank.d776.s4|85-95|tolbutamide|drug
DDI-DrugBank.d776.s4|98-106|glyburide|drug
DDI-DrugBank.d776.s4|113-121|glipizide|drug
DDI-DrugBank.d776.s5|9-20|sulfonylurea|group
DDI-DrugBank.d776.s5|46-82| are used concomitantly with DIFLUCAN|group
DDI-DrugBank.d776.s6|142-149|DIFLUCAN|brand
DDI-DrugBank.d776.s8|0-10|prothrombin|drug
DDI-DrugBank.d776.s8|12-39|coumarin-type anticoagulants|group
DDI-DrugBank.d776.s8|41-48|DIFLUCAN|brand
DDI-DrugBank.d776.s10|17-24|DIFLUCAN|group
DDI-DrugBank.d776.s10|65-73|phenytoin|drug
DDI-DrugBank.d776.s11|29-36|DIFLUCAN|brand
DDI-DrugBank.d776.s11|42-50|phenytoin|drug
DDI-DrugBank.d776.s12|50-66|antifungal agents|group
DDI-DrugBank.d776.s13|20-27|DIFLUCAN|group
DDI-DrugBank.d776.s14|129-136|DIFLUCAN|brand
DDI-DrugBank.d776.s14|142-39||group
DDI-DrugBank.d776.s15|0-47|CLINICAL PHARMACOLOGY: Drug Interaction Studies.|drug
DDI-DrugBank.d776.s16|2-9|Rifampin|drug
DDI-DrugBank.d776.s16|14-21|Rifampin|drug
DDI-DrugBank.d776.s16|76-83|DIFLUCAN|brand
DDI-DrugBank.d776.s17|99-106|DIFLUCAN|brand
DDI-DrugBank.d776.s18|21-28|DIFLUCAN|group
DDI-DrugBank.d776.s19|85-92|DIFLUCAN|brand
DDI-DrugBank.d776.s19|98-109|Theophylline|drug
DDI-DrugBank.d776.s20|2-12|terfenadine|brand
DDI-DrugBank.d776.s21|0-10|fluconazole|drug
DDI-DrugBank.d776.s22|57-64|DIFLUCAN|brand
DDI-DrugBank.d776.s23|2-12|fluconazole|drug
DDI-DrugBank.d776.s24|0-10|fluconazole|drug
DDI-DrugBank.d776.s24|13-29|antifungal agents|group
DDI-DrugBank.d776.s24|32-42|terfenadine|group
DDI-DrugBank.d776.s25|1-9|Cisapride|brand
DDI-DrugBank.d776.s25|121-129|Cisapride|brand
DDI-DrugBank.d776.s26|9-19|fluconazole|brand
DDI-DrugBank.d776.s26|43-53|prokinetics|group
DDI-DrugBank.d776.s26|55-63|cisapride|brand
DDI-DrugBank.d776.s26|122-130|cisapride|brand
DDI-DrugBank.d776.s27|27-37|fluconazole|brand
DDI-DrugBank.d776.s27|44-52|cisapride|brand
DDI-DrugBank.d776.s28|30-40|fluconazole|group
DDI-DrugBank.d776.s29|86-96|fluconazole|brand
DDI-DrugBank.d776.s31|13-21|Rifabutin|brand
DDI-DrugBank.d776.s31|95-103|Rifabutin|brand
DDI-DrugBank.d776.s32|1-17|antifungal agents|group
DDI-DrugBank.d776.s32|21-31|fluconazole|brand
DDI-DrugBank.d776.s32|36-44|rifabutin|drug
DDI-DrugBank.d776.s34|24-41|immunosuppressants|group
DDI-DrugBank.d776.s35|19-34| Benzodiazepines|drug
DDI-DrugBank.d776.s35|70-79| midazolam|brand
DDI-DrugBank.d776.s35|82-99| antifungal agents|group
DDI-DrugBank.d776.s35|138-147| midazolam|brand
DDI-DrugBank.d776.s36|21-29|midazolam|brand
DDI-DrugBank.d776.s36|94-110|antifungal agents|group
DDI-DrugBank.d776.s36|113-129|antifungal agents|group
DDI-DrugBank.d776.s36|156-172|antifungal agents|group
DDI-DrugBank.d776.s37|23-37|benzodiazepines|brand
DDI-DrugBank.d776.s37|129-145|antifungal agents|group
DDI-DrugBank.d776.s37|196-210|benzodiazepines|brand
DDI-DrugBank.d776.s38|53-69|ethinyl estradiol|brand
DDI-DrugBank.d776.s38|75-88|levonorgestrel|brand
DDI-DrugBank.d776.s38|158-174|ethinyl estradiol|brand
DDI-DrugBank.d776.s38|180-193|levonorgestrel|brand
DDI-DrugBank.d776.s39|75-91|ethinyl estradiol|group
DDI-DrugBank.d776.s39|97-110|levonorgestrel|group
DDI-DrugBank.d776.s40|83-99|ethinyl estradiol|brand
DDI-DrugBank.d776.s40|105-118|levonorgestrel|brand
DDI-DrugBank.d776.s41|35-51|antifungal agents|group
DDI-DrugBank.d776.s41|147-163|antifungal agents|group
DDI-DrugBank.d78.s0|23-30|Antacids|drug
DDI-DrugBank.d78.s1|25-34|quinolones|group
DDI-DrugBank.d78.s1|41-91|antacids containing aluminum, magnesium, or calcium|drug
DDI-DrugBank.d78.s1|99-108|sucralfate|drug
DDI-DrugBank.d78.s1|138-141|iron|drug
DDI-DrugBank.d78.s1|177-180|iron|drug
DDI-DrugBank.d78.s1|185-188|zinc|drug
DDI-DrugBank.d78.s1|269-278|didanosine|brand
DDI-DrugBank.d78.s1|401-410|quinolones|group
DDI-DrugBank.d78.s2|2-18|antifungal agents|group
DDI-DrugBank.d78.s2|20-32|grepafloxacin|drug
DDI-DrugBank.d78.s4|24-33|stimulants|drug
DDI-DrugBank.d78.s5|2-9|caffeine|brand
DDI-DrugBank.d78.s5|11-21|Theobromine|brand
DDI-DrugBank.d78.s6|21-31|antibiotics|group
DDI-DrugBank.d78.s6|33-45|Grepafloxacin|brand
DDI-DrugBank.d78.s6|95-106|Theophylline|drug
DDI-DrugBank.d78.s8|48-63|fluoroquinolones|group
DDI-DrugBank.d78.s8|92-103|theophylline|brand
DDI-DrugBank.d78.s8|110-121|Theophylline|brand
DDI-DrugBank.d78.s8|193-208|fluoroquinolones|group
DDI-DrugBank.d78.s8|234-245|Theophylline|brand
DDI-DrugBank.d78.s9|2-9|warfarin|drug
DDI-DrugBank.d78.s9|12-24|grepafloxacin|drug
DDI-DrugBank.d78.s10|2-9|warfarin|drug
DDI-DrugBank.d78.s10|14-27|anticoagulants|group
DDI-DrugBank.d78.s10|32-41|quinolones|group
DDI-DrugBank.d78.s11|56-68|grepafloxacin|brand
DDI-DrugBank.d78.s11|113-125|grepafloxacin|brand
DDI-DrugBank.d78.s11|130-141|theophylline|drug
DDI-DrugBank.d78.s11|158-170|grepafloxacin|brand
DDI-DrugBank.d78.s11|181-192|theophylline|drug
DDI-DrugBank.d78.s12|78-90|grepafloxacin|brand
DDI-DrugBank.d78.s13|0-12|grepafloxacin|drug
DDI-DrugBank.d78.s14|65-92|cytochrome P450 3A4 (CYP3A4)|drug
DDI-DrugBank.d78.s14|118-130|Cyclosporines|group
DDI-DrugBank.d78.s16|21-31|terfenadine|drug
DDI-DrugBank.d78.s16|34-43|astemizole|drug
DDI-DrugBank.d78.s16|49-57|cisapride|drug
DDI-DrugBank.d78.s16|60-68|midazolam|brand
DDI-DrugBank.d78.s16|78-86|triazolam|brand
DDI-DrugBank.d78.s17|56-68|grepafloxacin|brand
DDI-DrugBank.d78.s18|2-14|grepafloxacin|drug
DDI-DrugBank.d78.s19|91-125|nonsteroidal anti-inflammatory drug|group
DDI-DrugBank.d78.s20|28-56|Disturbances of blood glucose|drug
DDI-DrugBank.d78.s20|177-194|antidiabetic agent|drug
DDI-DrugBank.d78.s21|0-6|glucose|drug
DDI-DrugBank.d302.s0|7-18|guanethidine|drug
DDI-DrugBank.d302.s0|100-109|Guarnettin|brand
DDI-DrugBank.d186.s0|12-17|HALDOL|brand
DDI-DrugBank.d186.s0|265-270|HALDOL|brand
DDI-DrugBank.d186.s1|8-14|Lithium|group
DDI-DrugBank.d186.s1|20-25|HALDOL|brand
DDI-DrugBank.d186.s2|2-17|combined therapy|drug
DDI-DrugBank.d186.s3|66-71|HALDOL|brand
DDI-DrugBank.d186.s4|59-69|haloperidol|brand
DDI-DrugBank.d186.s4|92-102|haloperidol|brand
DDI-DrugBank.d186.s4|472-485|antipsychotics|group
DDI-DrugBank.d186.s4|508-521|antipsychotics|group
DDI-DrugBank.d186.s5|56-66|haloperidol|brand
DDI-DrugBank.d186.s5|72-79|rifampin|group
DDI-DrugBank.d186.s5|101-108|rifampin|group
DDI-DrugBank.d186.s5|147-157|haloperidol|brand
DDI-DrugBank.d186.s6|68-75|rifampin|brand
DDI-DrugBank.d514.s0|0-6|opioids|drug
DDI-DrugBank.d514.s1|62-67|heroin|drug_n
DDI-DrugBank.d514.s2|29-34|heroin|drug_n
DDI-DrugBank.d514.s2|134-140|alcohol|group
DDI-DrugBank.d514.s2|143-157|benzodiazepines|group
DDI-DrugBank.d514.s2|167-174|diazepam|brand
DDI-DrugBank.d514.s2|177-182|Valium|group
DDI-DrugBank.d514.s2|211-219|methadone|group
DDI-DrugBank.d514.s3|18-32|benzodiazepines|brand
DDI-DrugBank.d514.s3|69-74|heroin|drug_n
DDI-DrugBank.d514.s4|76-81|heroin|group
DDI-DrugBank.d17.s0|24-27|oral|group
DDI-DrugBank.d17.s1|60-66|aspirin|brand
DDI-DrugBank.d17.s2|0-5|dosage|drug
DDI-DrugBank.d17.s3|22-41|antirheumatic agents|group
DDI-DrugBank.d17.s4|17-25|diuretics|drug
DDI-DrugBank.d17.s6|54-70|antihypertensives|group
DDI-DrugBank.d17.s7|64-70|aspirin|brand
DDI-DrugBank.d17.s8|0-5|dosage|drug
DDI-DrugBank.d17.s9|44-56|Corticotropin|drug
DDI-DrugBank.d17.s9|59-105|Corticosteroids and adrenocorticotropic hormone|group
DDI-DrugBank.d17.s11|0-17|Cardiac glycosides|drug
DDI-DrugBank.d17.s12|2-10|digitalis|drug
DDI-DrugBank.d17.s14|2-9|thiazide|drug
DDI-DrugBank.d17.s14|11-23|d i u r e t s|group
DDI-DrugBank.d17.s15|16-25|colestipol|brand
DDI-DrugBank.d17.s16|39-53| Hypoglycemics |drug
DDI-DrugBank.d17.s17|7-24|acetilsalicic acid|drug
DDI-DrugBank.d17.s18|9-26|acetilsalicic acid|drug
DDI-DrugBank.d17.s18|140-157|thiazide diuretics|group
DDI-DrugBank.d17.s19|0-6|insulin|drug
DDI-DrugBank.d17.s21|2-8|lithium|drug
DDI-DrugBank.d17.s22|0-10|Methenamine|drug
DDI-DrugBank.d17.s25|0-32|steroidal anti-inflammatory agent|drug
DDI-DrugBank.d17.s25|34-80|loop, potassium sparing, and thiazide diuretics|group
DDI-DrugBank.d17.s26|32-49|hydroflumethiazide|drug
DDI-DrugBank.d17.s27|1-14|Norepinephrine|drug
DDI-DrugBank.d17.s28|57-70|norepinephrine|drug
DDI-DrugBank.d17.s29|0-12|pressor agent|drug
DDI-DrugBank.d17.s32|482-488|glucose|drug
DDI-DrugBank.d17.s32|492-500|diuretics|group
DDI-DrugBank.d17.s32|504-512|uric acid|group
DDI-DrugBank.d17.s32|516-521|sodium|group
DDI-DrugBank.d17.s32|525-533|magnesium|group
DDI-DrugBank.d17.s32|537-547|k Potassium|group
DDI-DrugBank.d17.s33|0-17|acetilsalicic acid|drug
DDI-DrugBank.d17.s33|19-30|glutethimide|drug
DDI-DrugBank.d17.s33|32-45|anticoagulants|group
DDI-DrugBank.d17.s33|47-63|antifungal agents|group
DDI-DrugBank.d17.s33|90-73||group
DDI-DrugBank.d17.s33|111-94||group
DDI-DrugBank.d17.s33|132-115||group
DDI-DrugBank.d418.s0|14-37|drug interaction studies|drug
DDI-DrugBank.d418.s0|64-71|Cyanokit|brand
DDI-DrugBank.d308.s0|34-44|hydroxyzine|drug
DDI-DrugBank.d308.s0|74-82|narcotics|group
DDI-DrugBank.d308.s0|85-107|non-narcotic analgesics|group
DDI-DrugBank.d308.s0|114-125|barbiturates|group
DDI-DrugBank.d308.s1|0-10|hydroxyzine|drug
DDI-DrugBank.d308.s2|0-5|Atarax|drug
DDI-DrugBank.d308.s3|0-6|alcohol|drug
DDI-DrugBank.d515.s0|2-11|ifosfamide|drug
DDI-DrugBank.d549.s0|100-107|iloprost|brand
DDI-DrugBank.d549.s0|120-154|nifedipine, diltiazem, or captopril|group
DDI-DrugBank.d549.s1|0-8|ilo prost|drug
DDI-DrugBank.d549.s1|10-32|antihypertensive agents|group
DDI-DrugBank.d549.s2|173-179|aspirin|brand
DDI-DrugBank.d549.s3|28-35|iloprost|brand
DDI-DrugBank.d549.s3|64-77|anticoagulants|group
DDI-DrugBank.d549.s3|80-88|diuretics|group
DDI-DrugBank.d549.s3|91-108|cardiac glycosides|group
DDI-DrugBank.d549.s3|111-134|calcium channel blockers|group
DDI-DrugBank.d549.s3|137-146|analgesics|group
DDI-DrugBank.d549.s3|149-160|antipyretics|group
DDI-DrugBank.d549.s3|163-192|nonsteroidal antiinflammations|group
DDI-DrugBank.d549.s3|195-209|corticosteroids|group
DDI-DrugBank.d549.s4|28-35|iloprost|brand
DDI-DrugBank.d549.s4|78-84|digoxin|drug
DDI-DrugBank.d549.s5|84-91|iloprost|group
DDI-DrugBank.d549.s6|71-85|cytochrome P450|group
DDI-DrugBank.d549.s6|126-133|iloprost|drug
DDI-DrugBank.d97.s0|2-10|Indinavir|drug
DDI-DrugBank.d97.s2|0-8|Indinavir|drug
DDI-DrugBank.d97.s2|28-33|CYP3A4|group
DDI-DrugBank.d97.s3|0-8|indinavir|drug
DDI-DrugBank.d97.s3|22-38|CYP3A4 inhibitors|group
DDI-DrugBank.d97.s3|87-95|indinavir|drug
DDI-DrugBank.d97.s3|144-152|indinavir|drug
DDI-DrugBank.d97.s4|32-48|CYP3A4 inhibitors|group
DDI-DrugBank.d97.s4|80-88|indinavir|drug
DDI-DrugBank.d97.s4|143-151|indinavir|drug
DDI-DrugBank.d97.s6|0-7|rixivran|drug
DDI-DrugBank.d97.s6|252-262|rifaxamides|group
DDI-DrugBank.d97.s7|178-187|Drug Class|group
DDI-DrugBank.d97.s7|188-196|Drug Name|drug
DDI-DrugBank.d97.s10|22-53|<group>ergot derivatives</group>|drug
DDI-DrugBank.d97.s10|22-38|ergot derivatives|group
DDI-DrugBank.d97.s10|59-90|<group>ergot derivatives</group>|drug
DDI-DrugBank.d97.s10|59-75|ergot derivatives|group
DDI-DrugBank.d97.s10|89-120|<group>ergot derivatives</group>|drug
DDI-DrugBank.d97.s10|89-105|ergot derivatives|group
DDI-DrugBank.d97.s10|119-150|<group>ergot derivatives</group>|drug
DDI-DrugBank.d97.s10|119-135|ergot derivatives|group
DDI-DrugBank.d97.s11|0-4|ergot|drug
DDI-DrugBank.d97.s15|93-113|cardiovascular agents|group
DDI-DrugBank.d97.s15|118-131|antihistamines|group
DDI-DrugBank.d97.s15|182-188|Astelin|brand
DDI-DrugBank.d97.s15|199-205|opioids|group
DDI-DrugBank.d97.s15|262-278|Clostridium toxin|drug_n
DDI-DrugBank.d97.s16|19-26|pimozide|group
DDI-DrugBank.d97.s17|93-99|aspirin|brand
DDI-DrugBank.d97.s18|23-37|St. John's Wort|brand
DDI-DrugBank.d97.s18|40-59|Hypericum perforatum|drug
DDI-DrugBank.d97.s19|2-9|crixivan|drug
DDI-DrugBank.d97.s20|26-33|rifampin|drug
DDI-DrugBank.d97.s21|2-9|CRIXIVAN|drug
DDI-DrugBank.d97.s22|34-43|lovastatin|brand
DDI-DrugBank.d97.s22|46-56|simvastatin|brand
DDI-DrugBank.d97.s23|0-17|acetilsalicic acid|drug
DDI-DrugBank.d97.s25|9-16|Crixivan|brand
DDI-DrugBank.d97.s27|0-6|Table 9|drug
DDI-DrugBank.d97.s29|0-8|Drug Name|drug
DDI-DrugBank.d97.s31|13-19|Comment|drug
DDI-DrugBank.d97.s32|4-14|Nucleosides|drug
DDI-DrugBank.d97.s32|16-27|Phosphonates|drug
DDI-DrugBank.d97.s32|29-44|Antiviral Agents|group
DDI-DrugBank.d97.s32|46-64|HIV Antiviral Drugs|group
DDI-DrugBank.d97.s34|0-8|indinavir|drug
DDI-DrugBank.d97.s37|14-22|Indinavir|drug
DDI-DrugBank.d97.s37|31-40|didanosine|drug
DDI-DrugBank.d97.s38|0-8|Evafirenz|drug
DDI-DrugBank.d97.s40|0-8|indinavir|drug
DDI-DrugBank.d97.s41|15-23|indinavir|brand
DDI-DrugBank.d97.s41|93-101|indinavir|drug
DDI-DrugBank.d97.s41|121-129|efavirenz|brand
DDI-DrugBank.d97.s42|11-20|Nelfinavir|drug_n
DDI-DrugBank.d97.s43|0-8|indinavir|drug
DDI-DrugBank.d97.s44|0-5|dosage|drug
DDI-DrugBank.d97.s45|1-10|Nevirapine|drug
DDI-DrugBank.d97.s46|0-8|indinavir|drug
DDI-DrugBank.d97.s47|74-83|nevirapine|brand
DDI-DrugBank.d97.s49|11-19|Ritonavir|brand
DDI-DrugBank.d97.s50|213-39||drug
DDI-DrugBank.d97.s52|1-23| antiretroviral agents |group
DDI-DrugBank.d97.s52|39-48| CRIXIVAN |brand
DDI-DrugBank.d97.s52|64-86| antiretroviral agents |group
DDI-DrugBank.d97.s54|0-9|saquinavir|drug
DDI-DrugBank.d97.s55|12-24|antiplatelets|group
DDI-DrugBank.d97.s57|21-28|bepridil|drug
DDI-DrugBank.d97.s57|31-50|Lidocaine (systemic)|group
DDI-DrugBank.d97.s57|56-64|Quinidine|group
DDI-DrugBank.d97.s58|21-34|anticoagulants|group
DDI-DrugBank.d97.s59|87-101|antiarrhythmics|group
DDI-DrugBank.d97.s60|23-35|carbamazepine|drug
DDI-DrugBank.d97.s60|38-50|phenobarbital|drug
DDI-DrugBank.d97.s60|53-61|phenytoin|drug
DDI-DrugBank.d97.s61|1-10|`indinavir|drug
DDI-DrugBank.d97.s63|0-8|indinavir|drug
DDI-DrugBank.d97.s63|57-65|indinavir|drug
DDI-DrugBank.d97.s64|13-36|Calcium Channel Blockers|drug
DDI-DrugBank.d97.s64|40-55|Dihydropyridine:|group
DDI-DrugBank.d97.s64|59-99|e.g., felodipine, nifedipine, nicardipine|brand
DDI-DrugBank.d97.s66|68-74|aspirin|brand
DDI-DrugBank.d97.s67|0-13|Clarithromycin|drug
DDI-DrugBank.d97.s72|35-46|atorvastatin|brand
DDI-DrugBank.d97.s72|168-195|HMG-CoA reductase inhibitors|group
DDI-DrugBank.d97.s72|213-224| pravastatin|brand
DDI-DrugBank.d97.s72|227-237|fluvastatin|brand
DDI-DrugBank.d97.s72|243-254|rosuvastatin|brand
DDI-DrugBank.d97.s72|276-283|CRIXIVAN|drug_n
DDI-DrugBank.d97.s73|32-43|cyclosporine|drug
DDI-DrugBank.d97.s73|51-60|tacrolimus|drug
DDI-DrugBank.d97.s73|68-76|sirolimus|drug
DDI-DrugBank.d97.s73|177-195|Immunosuppressants:|group
DDI-DrugBank.d97.s73|201-212|cyclosporine|group
DDI-DrugBank.d97.s73|220-229|tacrolimus|group
DDI-DrugBank.d97.s73|237-245|sirolimus|group
DDI-DrugBank.d97.s73|307-318|Cyclosporine|brand
DDI-DrugBank.d97.s73|326-335|Tacrolimus|brand
DDI-DrugBank.d97.s73|343-351|Sirolimus|brand
DDI-DrugBank.d97.s75|0-7|CRIXIVAN|drug
DDI-DrugBank.d97.s77|0-8|indinavir|drug
DDI-DrugBank.d97.s81|2-9|CRIXIVAN|drug
DDI-DrugBank.d97.s83|13-21|indinavir|drug
DDI-DrugBank.d97.s83|42-50|rifabutin|drug
DDI-DrugBank.d97.s84|25-33|rifabutin|drug
DDI-DrugBank.d97.s84|84-91|Crixivan|group
DDI-DrugBank.d97.s84|177-184|Crixivan|group
DDI-DrugBank.d97.s85|0-9|Sildenafil|drug
DDI-DrugBank.d97.s87|16-27| sildenafil |drug
DDI-DrugBank.d97.s87|138-146|indinavir|group
DDI-DrugBank.d97.s88|21-31| Tadalafil |drug
DDI-DrugBank.d97.s89|1-15|tidalofloksacin|drug
DDI-DrugBank.d97.s90|101-109|indinavir|group
DDI-DrugBank.d97.s93|1-10|Vardenafil|brand
DDI-DrugBank.d97.s95|14-22|increase;|drug
DDI-DrugBank.d433.s0|2-6|Rebif|drug
DDI-DrugBank.d433.s1|108-130|myelosuppressive agents|group
DDI-DrugBank.d433.s2|69-73|Rebif|brand
DDI-DrugBank.d433.s2|218-222|Rebif|brand
DDI-DrugBank.d227.s0|18-27|Isoflurane|drug
DDI-DrugBank.d465.s0|2-21|isosorbide dinitrate|drug
DDI-DrugBank.d465.s1|0-6|alcohol|drug
DDI-DrugBank.d163.s0|2-9|Accutane|drug
DDI-DrugBank.d163.s0|12-20|vitamin A|drug
DDI-DrugBank.d163.s1|96-95||drug
DDI-DrugBank.d163.s2|49-56|Accutane|brand
DDI-DrugBank.d163.s2|274-286|tetracyclines|group
DDI-DrugBank.d163.s3|0-17|acetilsalicic acid|drug
DDI-DrugBank.d163.s3|19-32|anticoagulants|group
DDI-DrugBank.d163.s3|34-40|aspirin|brand
DDI-DrugBank.d163.s4|16-27|Progesterone|brand
DDI-DrugBank.d163.s4|55-66|Progesterone|brand
DDI-DrugBank.d163.s4|177-184|Accutane|brand
DDI-DrugBank.d163.s5|129-156|combined oral contraceptives|brand
DDI-DrugBank.d163.s6|55-61|aspirin|brand
DDI-DrugBank.d163.s6|67-80|anticoagulants|group
DDI-DrugBank.d163.s7|88-95|Accutane|brand
DDI-DrugBank.d163.s8|120-153|2 forms of effective contraception|drug
DDI-DrugBank.d163.s10|8-16|Phenytoin|drug
DDI-DrugBank.d163.s10|19-26|Accutane|brand
DDI-DrugBank.d163.s10|80-88|phenytoin|drug
DDI-DrugBank.d163.s11|76-87|isotretinoin|brand
DDI-DrugBank.d163.s12|0-8|Phenytoin|drug
DDI-DrugBank.d163.s13|191-198|Accutane|brand
DDI-DrugBank.d163.s14|60-64|drugs|group
DDI-DrugBank.d163.s17|141-148|Accutane|brand
DDI-DrugBank.d163.s18|2-6|drugs|drug
DDI-DrugBank.d163.s19|70-79|medication|brand
DDI-DrugBank.d163.s19|149-159|medications|group
DDI-DrugBank.d163.s20|2-9|Accutane|drug
DDI-DrugBank.d163.s21|60-82|hormonal contraceptives|group
DDI-DrugBank.d163.s21|111-124|St. Johns Wort|brand
DDI-DrugBank.d163.s22|0-7|Accutane|drug
DDI-DrugBank.d163.s23|2-9|Accutane|drug
DDI-DrugBank.d163.s24|157-164|Accutane|brand
DDI-DrugBank.d163.s25|25-35|Amoxicillin|brand
DDI-DrugBank.d163.s26|91-97|aspirin|brand
DDI-DrugBank.d163.s27|87-93|aspirin|brand
DDI-DrugBank.d163.s27|172-183|glutethimide|drug
DDI-DrugBank.d163.s28|424-430|aspirin|brand
DDI-DrugBank.d163.s28|497-508|glutethimide|drug
DDI-DrugBank.d163.s28|585-598|anticoagulants|group
DDI-DrugBank.d163.s30|69-75|aspirin|brand
DDI-DrugBank.d163.s30|100-113|anticoagulants|group
DDI-DrugBank.d163.s30|118-134|antifungal agents|group
DDI-DrugBank.d163.s31|108-115|Accutane|brand
DDI-DrugBank.d163.s32|2-9|Accutane|drug
DDI-DrugBank.d163.s33|98-97||drug
DDI-DrugBank.d163.s35|657-663|aspirin|drug
DDI-DrugBank.d163.s36|2-9|Accutane|drug
DDI-DrugBank.d163.s36|36-42|Glucose|drug
DDI-DrugBank.d163.s36|94-104|blood sugar|drug
DDI-DrugBank.d163.s37|2-9|Accutane|drug
DDI-DrugBank.d163.s38|0-11|glutethimide|drug
DDI-DrugBank.d163.s38|14-27|anticoagulants|group
DDI-DrugBank.d163.s38|30-46|antifungal agents|group
DDI-DrugBank.d163.s39|67-74|Accutane|brand
DDI-DrugBank.d163.s41|0-15|muscle relaxants|drug
DDI-DrugBank.d163.s41|21-39| acetilsalicic acid|brand
DDI-DrugBank.d163.s42|126-128|CPK|brand
DDI-DrugBank.d163.s43|49-51|CPK|brand
DDI-DrugBank.d163.s44|20-33|Rhabdomyolysis|brand
DDI-DrugBank.d81.s0|23-30|DynaCirc|brand
DDI-DrugBank.d81.s0|71-83|nitroglycerin|drug
DDI-DrugBank.d81.s1|109-116|DynaCirc|brand
DDI-DrugBank.d81.s1|119-142|calcium channel blockers|group
DDI-DrugBank.d81.s2|56-65|isradipine|brand
DDI-DrugBank.d81.s2|161-170|isradipine|brand
DDI-DrugBank.d81.s3|89-99|propranolol|brand
DDI-DrugBank.d81.s3|163-186|calcium channel blockers|group
DDI-DrugBank.d81.s3|189-198|isradipine|drug_n
DDI-DrugBank.d81.s3|349-359|propranolol|brand
DDI-DrugBank.d81.s3|423-446|calcium channel blockers|group
DDI-DrugBank.d81.s3|449-458|isradipine|drug_n
DDI-DrugBank.d81.s4|29-42|anticoagulants|group
DDI-DrugBank.d81.s4|96-106|propranolol|brand
DDI-DrugBank.d81.s5|0-9|isradipine|drug
DDI-DrugBank.d81.s6|178-187|isradipine|group
DDI-DrugBank.d81.s6|226-236|propranolol|brand
DDI-DrugBank.d81.s6|251-261|propranolol|brand
DDI-DrugBank.d81.s6|300-309|isradipine|group
DDI-DrugBank.d81.s8|4-13|isradipine|brand
DDI-DrugBank.d81.s8|70-79|cimetidine|brand
DDI-DrugBank.d81.s9|9-18|Rifampicin|drug
DDI-DrugBank.d81.s10|3-12|rifampicin|brand
DDI-DrugBank.d81.s10|35-44|isradipine|group
DDI-DrugBank.d81.s10|197-206|isradipine|group
DDI-DrugBank.d81.s11|129-138|isradipine|brand
DDI-DrugBank.d81.s11|144-159|racemic warfarin|drug
DDI-DrugBank.d81.s11|200-207|warfarin|drug
DDI-DrugBank.d81.s11|309-318|isradipine|brand
DDI-DrugBank.d81.s12|15-22|warfarin|brand
DDI-DrugBank.d81.s12|28-37|isradipine|brand
DDI-DrugBank.d81.s13|0-6|digoxin|drug
DDI-DrugBank.d81.s13|71-77|digoxin|drug
DDI-DrugBank.d81.s13|177-183|digoxin|drug
DDI-DrugBank.d81.s14|1-8|Fentanyl|brand
DDI-DrugBank.d81.s14|66-75|Anesthesia|brand
DDI-DrugBank.d81.s15|75-82|DynaCirc|brand
DDI-DrugBank.d81.s15|85-108|calcium channel blockers|group
DDI-DrugBank.d95.s0|2-15| Cyclosporine |drug
DDI-DrugBank.d95.s0|17-28| L-arginine |drug
DDI-DrugBank.d95.s1|13-21|Ibuprofen|drug
DDI-DrugBank.d95.s1|26-35|L-arginine|group
DDI-DrugBank.d95.s1|40-48|Ibuprofen|drug
DDI-DrugBank.d95.s2|2-17|organic nitrates|drug
DDI-DrugBank.d95.s2|20-29|L-arginine|drug
DDI-DrugBank.d95.s3|2-19|sildenafil citrate|drug
DDI-DrugBank.d95.s3|153-171|nitric oxide donors|group
DDI-DrugBank.d41.s0|215-225|leflunomide|drug
DDI-DrugBank.d41.s3|47-51|ARAVA|group
DDI-DrugBank.d41.s4|97-107|leflunomide|brand
DDI-DrugBank.d41.s5|14-20|Aspirin|brand
DDI-DrugBank.d41.s6|60-70|leflunomide|drug
DDI-DrugBank.d41.s6|103-113|leflunomide|drug
DDI-DrugBank.d41.s9|148-157|diclofenac|brand
DDI-DrugBank.d41.s9|163-171|ibuprofen|brand
DDI-DrugBank.d41.s10|36-42|aspirin|brand
DDI-DrugBank.d41.s11|52-58|aspirin|brand
DDI-DrugBank.d41.s13|35-41|aspirin|brand
DDI-DrugBank.d41.s14|2-9|rifampin|drug
DDI-DrugBank.d41.s14|12-20|Following|drug
DDI-DrugBank.d41.s14|69-77|AÑ€Ð°Ð²Ð°|brand
DDI-DrugBank.d41.s14|119-126|rifampin|drug
DDI-DrugBank.d41.s14|187-191|Arava|brand
DDI-DrugBank.d41.s15|33-37|Arava|brand
DDI-DrugBank.d41.s15|152-156|Arava|brand
DDI-DrugBank.d41.s15|162-172|rifampicins|group
DDI-DrugBank.d41.s16|17-133|Increased INR (International Normalized Ratio) when ARAVA and warfarin were co-administered has been rarely reported.|brand
DDI-DrugBank.d252.s0|2-8|BETAGAN|brand
DDI-DrugBank.d252.s1|1-29|catecholamine-depleting drugs|group
DDI-DrugBank.d252.s1|34-42|reserpine|drug
DDI-DrugBank.d252.s1|197-205|reserpine|group
DDI-DrugBank.d252.s2|22-52|beta-adrenergic blocking agents|drug
DDI-DrugBank.d252.s2|92-110|calcium antagonists|group
DDI-DrugBank.d252.s3|79-33||group
DDI-DrugBank.d252.s3|97-54||group
DDI-DrugBank.d252.s3|110-62||group
DDI-DrugBank.d252.s3|124-85||group
DDI-DrugBank.d252.s4|29-35|aspirin|brand
DDI-DrugBank.d252.s4|79-92|anticoagulants|group
DDI-DrugBank.d252.s5|31-45| antipsychotics|group
DDI-DrugBank.d252.s5|69-77| blockers|group
DDI-DrugBank.d252.s5|116-123| effects|group
DDI-DrugBank.d252.s5|163-173| metabolism|group
DDI-DrugBank.d320.s0|9-18|Chirocaine|drug
DDI-DrugBank.d320.s2|0-9|Chirocaine|drug
DDI-DrugBank.d320.s3|86-100|levobupivacaine|drug
DDI-DrugBank.d320.s3|156-164|phenytoin|group
DDI-DrugBank.d320.s3|167-179|phenobarbital|group
DDI-DrugBank.d320.s3|182-189|rifampin|group
DDI-DrugBank.d320.s3|212-229|azole antimycotics|group
DDI-DrugBank.d320.s3|237-248|ketoconazole|drug
DDI-DrugBank.d320.s4|109-118|ritanovir;|brand
DDI-DrugBank.d320.s5|16-26|antibiotics|group
DDI-DrugBank.d320.s5|34-46|earythromycin|brand
DDI-DrugBank.d320.s6|8-14|calcium|drug
DDI-DrugBank.d320.s6|42-50|verapamil|brand
DDI-DrugBank.d320.s6|71-76|CYP1A2|group
DDI-DrugBank.d320.s6|89-102|norepinephrine|drug
DDI-DrugBank.d320.s6|130-143|norepinephrine|drug
DDI-DrugBank.d320.s6|308-317|omeprazole|brand
DDI-DrugBank.d320.s6|381-386|CYP1A2|group
DDI-DrugBank.d320.s6|401-413|noradrenaline|drug
DDI-DrugBank.d454.s0|8-19|barbiturates|group
DDI-DrugBank.d454.s0|110-116|alcohol|group
DDI-DrugBank.d454.s0|119-130|barbiturates|group
DDI-DrugBank.d454.s2|2-11|lofexidine|drug
DDI-DrugBank.d454.s3|0-17|acetilsalicic acid|drug
DDI-DrugBank.d454.s3|19-23|xanax|brand
DDI-DrugBank.d454.s3|25-38|anticoagulants|group
DDI-DrugBank.d454.s3|40-56|clostridium toxin|drug_n
DDI-DrugBank.d454.s3|58-63|heroin|drug_n
DDI-DrugBank.d454.s4|20-29|lofexidine|brand
DDI-DrugBank.d454.s4|74-82|tricyclic|drug
DDI-DrugBank.d454.s4|127-136|lofexidine|brand
DDI-DrugBank.d30.s0|22-40|hydrochlorothiazide|brand
DDI-DrugBank.d30.s0|43-49|digoxin|brand
DDI-DrugBank.d30.s0|52-65|anticoagulants|group
DDI-DrugBank.d30.s0|68-75|warfarin|brand
DDI-DrugBank.d30.s0|78-87|cimetidine|brand
DDI-DrugBank.d30.s0|94-106|phenobarbital|brand
DDI-DrugBank.d30.s1|31-56|inducer of drug metabolism|drug
DDI-DrugBank.d30.s1|102-136|angiotensin II receptor antagonists|group
DDI-DrugBank.d30.s1|146-162|active metabolite|group
DDI-DrugBank.d30.s2|11-14|P450|group
DDI-DrugBank.d30.s2|16-18|3A4|group
DDI-DrugBank.d30.s2|31-40|inhibitors|group
DDI-DrugBank.d30.s2|45-48|P450|group
DDI-DrugBank.d30.s2|50-52|3A4|group
DDI-DrugBank.d30.s2|59-62|been|group
DDI-DrugBank.d30.s2|64-70|studied|group
DDI-DrugBank.d30.s3|120-127|losartan|brand
DDI-DrugBank.d30.s4|0-10|Fluconazole|drug
DDI-DrugBank.d30.s4|95-102|losartan|brand
DDI-DrugBank.d30.s5|61-68|losartan|brand
DDI-DrugBank.d30.s6|37-44|losartan|drug
DDI-DrugBank.d30.s7|42-49|losartan|brand
DDI-DrugBank.d30.s8|14-18|drugs|drug
DDI-DrugBank.d30.s8|116-129|spironolactone|brand
DDI-DrugBank.d30.s8|132-142|triamterene|group
DDI-DrugBank.d30.s8|145-153|amiloride|brand
DDI-DrugBank.d30.s9|23-45|antihypertensive agents|brand
DDI-DrugBank.d30.s9|79-86|losartan|group
DDI-DrugBank.d30.s9|147-158|indomethacin|brand
DDI-DrugBank.d30.s10|7-20|<glutethimide>|drug
DDI-DrugBank.d530.s0|65-78|anticoagulants|group
DDI-DrugBank.d530.s0|80-86|fenarin|brand
DDI-DrugBank.d530.s0|89-102|anticoagulants|group
DDI-DrugBank.d530.s0|104-118|tranylcypromine|brand
DDI-DrugBank.d530.s0|132-145|anticoagulants|group
DDI-DrugBank.d530.s0|147-155|pargyline|brand
DDI-DrugBank.d530.s2|0-9|selegiline|drug
DDI-DrugBank.d530.s2|13-27|L-phenylalanine|drug
DDI-DrugBank.d530.s2|61-70|selegiline|drug
DDI-DrugBank.d530.s3|18-22|Drugs|group
DDI-DrugBank.d530.s3|110-114|Drugs|group
DDI-DrugBank.d643.s0|49-54|NSAIDs|group
DDI-DrugBank.d643.s0|99-109|fluvoxamine|brand
DDI-DrugBank.d643.s0|199-211|beta blockers|group
DDI-DrugBank.d643.s0|247-256|fluoxetine|brand
DDI-DrugBank.d643.s0|322-330|progestin|group
DDI-DrugBank.d643.s0|454-467|sedating drugs|group
DDI-DrugBank.d643.s0|571-585|corticosteroids|group
DDI-DrugBank.d746.s0|46-54|digitalis|group
DDI-DrugBank.d746.s0|91-99|digitalis|group
DDI-DrugBank.d746.s0|105-126|sympathomimetic amines|group
DDI-DrugBank.d746.s1|45-69|tricyclic antidepressants|group
DDI-DrugBank.d746.s1|100-121|sympathomimetic amines|group
DDI-DrugBank.d746.s2|0-6|pressor|drug
DDI-DrugBank.d746.s2|9-15|therapy|drug
DDI-DrugBank.d630.s0|1-13|methazolamide|drug
DDI-DrugBank.d630.s1|59-65|aspirin|brand
DDI-DrugBank.d630.s1|71-83|methazolamide|drug
DDI-DrugBank.d630.s1|202-208|aspirin|brand
DDI-DrugBank.d756.s0|2-16|levomepromazine|drug
DDI-DrugBank.d756.s1|24-31|tramadol|brand
DDI-DrugBank.d756.s1|34-50|opioid analgesics|group
DDI-DrugBank.d756.s2|17-31|levomepromazine|drug
DDI-DrugBank.d756.s2|87-101|benzodiazepines|drug
DDI-DrugBank.d756.s2|106-117|barbiturates|group
DDI-DrugBank.d756.s3|0-9|substances|drug
DDI-DrugBank.d756.s3|11-30|lowest dose possible|drug
DDI-DrugBank.d756.s4|322-398|anticholinergic drugs (tricyclic antidepressants and antiparkinsonian-agents)|group
DDI-DrugBank.d756.s5|30-44|levomepromazine|brand
DDI-DrugBank.d756.s5|72-85|antipsychotics|group
DDI-DrugBank.d756.s6|104-103||drug
DDI-DrugBank.d756.s7|2-9|caffeine|drug
DDI-DrugBank.d756.s7|18-28|stimulantes|group
DDI-DrugBank.d756.s7|37-62|ePhEdRInE/AmPhEtAmInE Type|group
DDI-DrugBank.d756.s7|103-117|levomepromazine|drug
DDI-DrugBank.d756.s9|13-27|levomepromazine|drug
DDI-DrugBank.d756.s9|106-119|antihistamines|group
DDI-DrugBank.d756.s10|29-37|antacids;|group
DDI-DrugBank.d756.s11|80-95|leveomepromazine|brand
DDI-DrugBank.d736.s0|0-8|digitalis|drug
DDI-DrugBank.d736.s1|2-5|ACTH|drug
DDI-DrugBank.d736.s2|0-6|insulin|drug
DDI-DrugBank.d736.s3|16-69|may decrease arterial responsiveness to norepinephrine|drug
DDI-DrugBank.d736.s4|73-79|aspirin|brand
DDI-DrugBank.d736.s5|18-26|diuretics|group
DDI-DrugBank.d736.s5|69-80|tubocurarine|brand
DDI-DrugBank.d736.s6|1-9|thiazides|group
DDI-DrugBank.d736.s6|51-59|thiazides|drug
DDI-DrugBank.d736.s8|33-42|ganglionic|brand
DDI-DrugBank.d736.s8|47-67|peripheral adrenergic|group
DDI-DrugBank.d736.s8|69-76|blocking|brand
DDI-DrugBank.d736.s8|78-82|drugs|drug
DDI-DrugBank.d736.s8|338-347|ganglionic|brand
DDI-DrugBank.d736.s8|352-372|peripheral adrenergic|group
DDI-DrugBank.d736.s8|374-381|blocking|brand
DDI-DrugBank.d706.s0|38-46|reserpine|drug
DDI-DrugBank.d706.s1|333-352|metoprolol succinate|drug
DDI-DrugBank.d706.s1|751-760|metoprolol|brand
DDI-DrugBank.d715.s0|51-64|antipsychotics|group
DDI-DrugBank.d715.s0|88-98|haloperidol|brand
DDI-DrugBank.d715.s1|24-29|DEMSER|brand
DDI-DrugBank.d640.s0|90-97|diuretic|group
DDI-DrugBank.d640.s1|51-57|UNIVASC|group
DDI-DrugBank.d640.s1|201-207|UNIVASC|group
DDI-DrugBank.d640.s1|259-266|moexpril|brand
DDI-DrugBank.d640.s2|1-7|UNIVASC|brand
DDI-DrugBank.d640.s3|40-66|potassium-sparing diuretics|group
DDI-DrugBank.d640.s3|86-99|spironolactone|brand
DDI-DrugBank.d640.s3|115-125|triamterene|brand
DDI-DrugBank.d640.s4|115-121|aspirin|brand
DDI-DrugBank.d640.s5|50-57|warfarin|brand
DDI-DrugBank.d640.s7|6-12|lithium|drug
DDI-DrugBank.d640.s8|5-12|diuretic|drug
DDI-DrugBank.d640.s9|85-91|UNIVASC|brand
DDI-DrugBank.d640.s9|130-148|hydrochlorothiazide|drug
DDI-DrugBank.d640.s9|151-157|digoxin|drug
DDI-DrugBank.d640.s9|163-172|cimetidine|drug
DDI-DrugBank.d640.s10|75-98|calcium-channel-blockers|group
DDI-DrugBank.d640.s10|101-109|diuretics|group
DDI-DrugBank.d640.s10|112-122|H2 blockers|group
DDI-DrugBank.d640.s10|125-131|digoxin|drug
DDI-DrugBank.d640.s10|134-157|oral hypoglycemic agents|group
DDI-DrugBank.d640.s10|164-190|cholesterol-lowering agents|group
DDI-DrugBank.d580.s0|65-82|ASMANEX TWISTHALER|brand
DDI-DrugBank.d580.s1|2-12|ketokonazol|drug
DDI-DrugBank.d739.s0|1-11|Montelukast|drug
DDI-DrugBank.d739.s0|20-23|Dose|brand
DDI-DrugBank.d739.s1|53-60|warfarin|brand
DDI-DrugBank.d739.s1|63-76|anticoagulants|group
DDI-DrugBank.d739.s1|180-187|warfarin|brand
DDI-DrugBank.d739.s2|0-6|digoxin|drug
DDI-DrugBank.d739.s3|0-10|terfenadine|drug
DDI-DrugBank.d739.s3|12-23|fexofenadine|drug
DDI-DrugBank.d739.s4|25-30|100 mg|drug
DDI-DrugBank.d739.s4|190-202|norethindrone|brand
DDI-DrugBank.d739.s4|209-225|ethinyl estradiol|brand
DDI-DrugBank.d739.s5|74-83|prednisone|brand
DDI-DrugBank.d739.s5|88-99|prednisolone|brand
DDI-DrugBank.d739.s5|141-150|prednisone|brand
DDI-DrugBank.d739.s5|167-178|prednisolone|brand
DDI-DrugBank.d739.s6|2-14|Phenobarbital|drug
DDI-DrugBank.d739.s6|72-82|montelukast|brand
DDI-DrugBank.d739.s6|135-145|montelukast|brand
DDI-DrugBank.d739.s7|0-10|montelukast|drug
DDI-DrugBank.d739.s8|112-124|phenobarbital|brand
DDI-DrugBank.d739.s8|129-136|rifampin|brand
DDI-DrugBank.d739.s8|164-174|montelukast|brand
DDI-DrugBank.d739.s9|0-10|Montelukast|drug
DDI-DrugBank.d739.s10|68-78|montelukast|brand
DDI-DrugBank.d739.s11|2-12|montelukast|drug
DDI-DrugBank.d739.s12|22-37|thyroid hormones|group
DDI-DrugBank.d739.s12|40-57|sedative hypnotics|group
DDI-DrugBank.d739.s12|63-100|non-steroidal anti-inflammatory agents|group
DDI-DrugBank.d739.s12|103-117|benzodiazepines|group
DDI-DrugBank.d739.s12|127-139|decongestants|group
DDI-DrugBank.d739.s13|146-156|montelukast|brand
DDI-DrugBank.d739.s14|0-10|montelukast|drug
DDI-DrugBank.d739.s15|112-124|phenobarbital|brand
DDI-DrugBank.d739.s15|129-136|rifampin|brand
DDI-DrugBank.d739.s15|164-174|montelukast|group
DDI-DrugBank.d346.s0|2-6|REVIA|drug
DDI-DrugBank.d346.s1|77-81|REVIA|brand
DDI-DrugBank.d346.s2|50-54|REVia|brand
DDI-DrugBank.d346.s2|60-83|antidysregulation agents|group
DDI-DrugBank.d346.s3|69-73|REVIA|brand
DDI-DrugBank.d346.s3|79-90|thioridazine|drug
DDI-DrugBank.d346.s4|1-5|REVIA|drug
DDI-DrugBank.d14.s0|2-14|nitroglycerin|drug
DDI-DrugBank.d14.s2|72-95|calcium channel blockers|brand
DDI-DrugBank.d14.s3|2-6|agent|drug
DDI-DrugBank.d475.s0|47-56|nizatidine|brand
DDI-DrugBank.d475.s0|76-89|anticoagulants|group
DDI-DrugBank.d475.s0|92-99|warfarin|brand
DDI-DrugBank.d475.s0|137-118||brand
DDI-DrugBank.d475.s0|181-136||brand
DDI-DrugBank.d475.s0|227-241|anticonvulsants|group
DDI-DrugBank.d475.s1|62-81|anti-ulcer medicines|drug
DDI-DrugBank.d475.s2|2-13|interactions|drug
DDI-DrugBank.d475.s3|58-64|aspirin|brand
DDI-DrugBank.d761.s0|91-97|XENICAL|brand
DDI-DrugBank.d761.s0|115-121|alcohol|group
DDI-DrugBank.d761.s1|42-48|XENICAL|brand
DDI-DrugBank.d761.s1|54-65|cyclosporine|drug
DDI-DrugBank.d761.s1|114-125|cyclosporine|drug
DDI-DrugBank.d761.s1|146-152|XENICAL|brand
DDI-DrugBank.d761.s1|178-189|cyclosporine|drug
DDI-DrugBank.d761.s3|116-128|beta-carotene|drug
DDI-DrugBank.d761.s3|189-195|XENICAL|brand
DDI-DrugBank.d761.s5|21-27|vitamin|group
DDI-DrugBank.d761.s5|32-32|D|brand
DDI-DrugBank.d761.s5|35-41|vitamin|group
DDI-DrugBank.d761.s5|72-78|vitamin|group
DDI-DrugBank.d761.s6|11-19|glyburide|drug
DDI-DrugBank.d761.s6|25-32|orlistat|brand
DDI-DrugBank.d761.s7|95-101|XENICAL|brand
DDI-DrugBank.d761.s7|140-146|XENICAL|brand
DDI-DrugBank.d761.s7|185-194|nifedipine|drug
DDI-DrugBank.d761.s8|82-88|XENICAL|brand
DDI-DrugBank.d761.s9|63-69|XENICAL|brand
DDI-DrugBank.d761.s9|108-114|XENICAL|brand
DDI-DrugBank.d761.s10|115-121|XENICAL|brand
DDI-DrugBank.d761.s10|160-166|XENICAL|brand
DDI-DrugBank.d761.s11|65-71|XENICAL|brand
DDI-DrugBank.d761.s12|0-8|vitamin K|drug
DDI-DrugBank.d761.s12|20-38|antacid medications|group
DDI-DrugBank.d761.s13|18-24|XENICAL|brand
DDI-DrugBank.d761.s13|69-82|anticoagulants|group
DDI-DrugBank.d761.s13|149-155|XENICAL|brand
DDI-DrugBank.d744.s0|1-8|SOMAVERT|brand
DDI-DrugBank.d744.s1|37-43|opioids|group
DDI-DrugBank.d744.s1|71-81|pegvisomant|drug
DDI-DrugBank.d671.s0|2-7|CYLERT|drug
DDI-DrugBank.d671.s1|35-41|CYCLERT|group
DDI-DrugBank.d671.s2|75-88|anticoagulants|group
DDI-DrugBank.d671.s2|109-114|CYLERT|brand
DDI-DrugBank.d671.s2|126-150|antiepileptic medications|group
DDI-DrugBank.d635.s0|103-118|MAXAIR AUTOHALER|brand
DDI-DrugBank.d622.s1|2-9|atropine|drug
DDI-DrugBank.d622.s1|15-25|pralidoxime|brand
DDI-DrugBank.d622.s3|23-34|theophylline|group
DDI-DrugBank.d622.s3|37-49|aminophylline|group
DDI-DrugBank.d622.s3|52-66|succinylcholine|drug_n
DDI-DrugBank.d622.s3|69-77|reserpine|group
DDI-DrugBank.d622.s3|84-115|phenothiazine-type tranquilizers|group
DDI-DrugBank.d737.s0|33-50|Carbidopa/Levodopa|drug
DDI-DrugBank.d737.s2|0-9|selegiline|drug
DDI-DrugBank.d737.s2|43-52|selegiline|drug
DDI-DrugBank.d737.s3|2-11|Amantadine|drug
DDI-DrugBank.d737.s4|0-11| Cimetidine |drug
DDI-DrugBank.d737.s4|14-25| Cimetidine |drug
DDI-DrugBank.d737.s5|18-27|Probenecid|drug
DDI-DrugBank.d737.s5|100-106|aruonic|group
DDI-DrugBank.d737.s6|186-199|anticoagulants|group
DDI-DrugBank.d737.s6|202-211|cimetidine|brand
DDI-DrugBank.d737.s6|214-223|ranitidine|brand
DDI-DrugBank.d737.s6|226-234|diltiazem|brand
DDI-DrugBank.d737.s6|237-247|triamterene|brand
DDI-DrugBank.d737.s6|250-258|verapamil|brand
DDI-DrugBank.d737.s6|261-269|quinidine|brand
DDI-DrugBank.d737.s6|276-282|quinine|brand
DDI-DrugBank.d737.s6|403-419|antifungal agents|group
DDI-DrugBank.d737.s6|422-432|antibiotics|group
DDI-DrugBank.d737.s6|435-446|indomethacin|brand
DDI-DrugBank.d737.s6|449-467|hydrochlorothiazide|brand
DDI-DrugBank.d737.s6|474-487|chlorpropamide|brand
DDI-DrugBank.d737.s7|2-12|pramipexole|drug
DDI-DrugBank.d737.s8|16-26|pramipexole|drug
DDI-DrugBank.d737.s8|31-33|CYP|group
DDI-DrugBank.d737.s8|38-40|CYP|group
DDI-DrugBank.d737.s8|44-46|CYP|group
DDI-DrugBank.d737.s8|50-52|CYP|group
DDI-DrugBank.d737.s8|56-58|CYP|group
DDI-DrugBank.d737.s9|14-24|pramipexole|brand
DDI-DrugBank.d737.s9|85-95|pramipexole|brand
DDI-DrugBank.d737.s11|0-6|MIRAPEX|drug
DDI-DrugBank.d632.s1|29-35|aspirin|brand
DDI-DrugBank.d632.s2|88-98|medications|brand
DDI-DrugBank.d632.s3|116-122|aspirin|brand
DDI-DrugBank.d632.s3|213-226|anticoagulants|group
DDI-DrugBank.d632.s4|49-54|SYMLIN|brand
DDI-DrugBank.d632.s5|80-85|SYMLIN|brand
DDI-DrugBank.d632.s5|111-129|antidiabetic agents|group
DDI-DrugBank.d632.s6|14-19|SYMLIN|brand
DDI-DrugBank.d632.s6|68-73|SYMLIN|brand
DDI-DrugBank.d632.s7|2-7|SYMLIN|drug
DDI-DrugBank.d632.s7|12-18|insulin|drug
DDI-DrugBank.d734.s0|15-23|diuretics|drug
DDI-DrugBank.d734.s0|88-101|phenothiazines|drug
DDI-DrugBank.d734.s1|25-41|antihypertensives|group
DDI-DrugBank.d734.s1|79-87|compounds|group
DDI-DrugBank.d590.s0|83-92|ranitidine|brand
DDI-DrugBank.d590.s0|133-143|antibiotics|group
DDI-DrugBank.d590.s0|145-151|bismuth|brand
DDI-DrugBank.d590.s0|209-222|clarithromycin|brand
DDI-DrugBank.d590.s1|2-8|aspirin|drug
DDI-DrugBank.d590.s2|45-52|antacids|group
DDI-DrugBank.d590.s2|118-127|ranitidine|drug
DDI-DrugBank.d590.s2|171-189|bismuth from TRITEC|brand
DDI-DrugBank.d590.s4|1-8|antacids|group
DDI-DrugBank.d590.s4|34-39|ZANTAC|brand
DDI-DrugBank.d654.s0|50-66|antifungal agents|group
DDI-DrugBank.d654.s2|120-126|ALTABAX|brand
DDI-DrugBank.d654.s3|46-52|ALTABAX|brand
DDI-DrugBank.d124.s0|0-11|interactions|drug
DDI-DrugBank.d124.s1|18-25|INVIRASE|brand
DDI-DrugBank.d124.s1|77-85|FORTOVASE|brand
DDI-DrugBank.d124.s2|22-30|FORTOVASE|brand
DDI-DrugBank.d124.s2|57-72|antiviral agents|group
DDI-DrugBank.d124.s2|100-107|INVIRASE|brand
DDI-DrugBank.d124.s3|8-16|ritonavir|brand
DDI-DrugBank.d124.s3|102-110|ritonavir|brand
DDI-DrugBank.d124.s4|1-10|saquinavir|drug
DDI-DrugBank.d124.s5|32-41|saquinavir|drug
DDI-DrugBank.d124.s6|2-11|saquinavir|drug
DDI-DrugBank.d124.s7|0-9|saquinavir|drug
DDI-DrugBank.d124.s7|13-30|acetilsalicic acid|drug
DDI-DrugBank.d124.s8|21-35|contraindicated|group
DDI-DrugBank.d124.s9|24-31|INVIRASE|drug
DDI-DrugBank.d124.s9|84-92|Ritonavir|brand
DDI-DrugBank.d124.s9|98-106|Ritobinil|brand
DDI-DrugBank.d124.s10|42-45|drug|brand
DDI-DrugBank.d124.s11|21-34|anticoagulants|group
DDI-DrugBank.d124.s12|0-7|INVIRASE|drug
DDI-DrugBank.d124.s12|15-35|antiretroviral agents|group
DDI-DrugBank.d124.s12|37-55|protease inhibitors|group
DDI-DrugBank.d124.s12|57-65|Ritonavir|brand
DDI-DrugBank.d124.s13|12-20|Drug Name|drug
DDI-DrugBank.d124.s14|23-32|amiodarone|group
DDI-DrugBank.d124.s15|22-35|antihistamines|group
DDI-DrugBank.d124.s19|54-61|INVIRASE|brand
DDI-DrugBank.d124.s19|63-71|ritonavir|group
DDI-DrugBank.d124.s19|76-84|FORTOVASE|brand
DDI-DrugBank.d124.s19|86-94|ritonavir|group
DDI-DrugBank.d124.s21|25-39|St. John's Wort|drug
DDI-DrugBank.d124.s21|42-53|Hypericaceae|group
DDI-DrugBank.d124.s22|37-46|lovastatin|brand
DDI-DrugBank.d124.s22|49-59|simvastatin|brand
DDI-DrugBank.d124.s23|24-32|triazolam|drug
DDI-DrugBank.d124.s23|35-43|midazolam|drug
DDI-DrugBank.d124.s26|80-103|calcium channel blockers|brand
DDI-DrugBank.d124.s26|106-129|CYP3A4 metabolized drugs|group
DDI-DrugBank.d124.s26|136-142|dapsone|drug
DDI-DrugBank.d124.s26|145-156|disopyramide|drug
DDI-DrugBank.d124.s26|159-165|quinine|drug
DDI-DrugBank.d124.s26|168-177|amiodarone|drug
DDI-DrugBank.d124.s26|180-188|quinidine|drug
DDI-DrugBank.d124.s26|191-198|warfarin|brand
DDI-DrugBank.d124.s26|201-210|tacrolimus|brand
DDI-DrugBank.d124.s26|213-224|cyclosporine|brand
DDI-DrugBank.d124.s26|227-243|ergot derivatives|group
DDI-DrugBank.d124.s26|246-253|pimozide|drug
DDI-DrugBank.d124.s26|256-268|carbamazepine|drug
DDI-DrugBank.d124.s26|271-278|fentanyl|drug
DDI-DrugBank.d124.s26|281-290|alfentanyl|drug
DDI-DrugBank.d124.s26|293-302|alprazolam|drug
DDI-DrugBank.d124.s26|309-317|triazolam|drug
DDI-DrugBank.d124.s26|385-394|saquinavir|brand
DDI-DrugBank.d124.s28|6-13|INVIRASE|brand
DDI-DrugBank.d124.s28|38-46|ritonavir|brand
DDI-DrugBank.d124.s28|53-61|ritonavir|brand
DDI-DrugBank.d124.s29|0-17|Inducers of CYP3A4|drug
DDI-DrugBank.d124.s30|2-14|phenobarbital|brand
DDI-DrugBank.d124.s30|17-25|phenytoin|brand
DDI-DrugBank.d124.s30|28-40|dexamethasone|brand
DDI-DrugBank.d124.s30|43-57|CYP3A4 inducers|group
DDI-DrugBank.d124.s30|60-70|sacquinavir|drug
DDI-DrugBank.d694.s0|140-146|digoxin|drug
DDI-DrugBank.d694.s1|1-7|digoxin|drug
DDI-DrugBank.d694.s2|31-37|digoxin|drug
DDI-DrugBank.d694.s2|42-48|JANUVIA|brand
DDI-DrugBank.d179.s2|2-11|Amiodarone|drug
DDI-DrugBank.d179.s2|21-29|Cordarone|brand
DDI-DrugBank.d179.s3|13-20|steroids|group
DDI-DrugBank.d179.s4|0-8|Androgens|drug
DDI-DrugBank.d179.s5|33-50|antithyroid agents|drug
DDI-DrugBank.d179.s6|0-12|Carbamazepine|drug
DDI-DrugBank.d179.s6|21-28|Tegretol|brand
DDI-DrugBank.d179.s7|2-11|carmustine|drug
DDI-DrugBank.d179.s7|21-25|BiCNU|brand
DDI-DrugBank.d179.s8|2-12|Chloroquine|drug
DDI-DrugBank.d179.s8|21-26|Aralen|brand
DDI-DrugBank.d179.s9|0-11| Dantrolene |drug
DDI-DrugBank.d179.s9|20-27|Dantrium|brand
DDI-DrugBank.d179.s10|2-13|Daunorubicin|drug
DDI-DrugBank.d179.s10|22-31|Cerubidine|brand
DDI-DrugBank.d179.s11|20-27|Antabuse|brand
DDI-DrugBank.d179.s12|1-8|Depakote|brand
DDI-DrugBank.d179.s12|15-23|valproate|drug
DDI-DrugBank.d179.s14|2-11|Etretinate|drug
DDI-DrugBank.d179.s14|20-26|Tegison|brand
DDI-DrugBank.d179.s15|0-9|Gold salts|drug
DDI-DrugBank.d179.s15|12-20|arthritis|drug
DDI-DrugBank.d179.s15|26-38|Ginkgo biloba|brand
DDI-DrugBank.d179.s16|0-17|Hydroxychloroquine|drug
DDI-DrugBank.d179.s16|26-34|Plaquenil|brand
DDI-DrugBank.d179.s17|4-17|Mercaptopurine|drug
DDI-DrugBank.d179.s17|20-30|glutathione|drug
DDI-DrugBank.d179.s17|40-49|Purinethol|brand
DDI-DrugBank.d179.s19|0-17|oral contraceptive|drug
DDI-DrugBank.d179.s19|20-38|oral contraceptives|group
DDI-DrugBank.d179.s19|51-58|estrogen|drug
DDI-DrugBank.d179.s19|491-508|oral contraceptive|drug
DDI-DrugBank.d179.s19|511-529|oral contraceptives|group
DDI-DrugBank.d179.s19|542-549|estrogen|drug
DDI-DrugBank.d179.s19|560-569|Ortho Evra|brand
DDI-DrugBank.d179.s20|0-14|anti-infectives|drug
DDI-DrugBank.d179.s21|0-402|
    Phenothiazines (acetophenazine [e.g., Tindal], chlorpromazine [e.g., Thorazine], fluphenazine [e.g., Prolixin], mesoridazine [e.g., Serentil], perphenazine [e.g., Trilafon], prochlorperazine [e.g., Compazine], promazine [e.g., Sparine], promethazine [e.g., Phenergan], thioridazine [e.g., Mellaril], trifluoperazine [e.g., Stelazine], triflupromazine [e.g., Vesprin], trimeprazine [e.g., Temaril])
|drug
DDI-DrugBank.d179.s22|25-33|Mithracin|brand
DDI-DrugBank.d179.s23|24-31|Depakene|drug
DDI-DrugBank.d179.s24|0-19|Acetohydroxamic acid|drug
DDI-DrugBank.d179.s24|28-36|Lithostat|brand
DDI-DrugBank.d179.s25|9-15|Dapsone|brand
DDI-DrugBank.d179.s26|0-13| Furazolidone |drug
DDI-DrugBank.d179.s26|22-29|Furoxone|brand
DDI-DrugBank.d179.s27|62-71|Furadantin|brand
DDI-DrugBank.d179.s28|0-9|Primaquine|drug
DDI-DrugBank.d179.s28|14-23|Atabanezol|brand
DDI-DrugBank.d179.s29|0-11|Procainamide|drug
DDI-DrugBank.d179.s29|20-28|Pronestyl|brand
DDI-DrugBank.d179.s30|23-30|Quinidex|brand
DDI-DrugBank.d179.s31|0-6|Quinine|drug
DDI-DrugBank.d179.s31|15-21|Quinamm|drug
DDI-DrugBank.d179.s33|103-116|anticoagulants|group
DDI-DrugBank.d179.s33|135-148|anticoagulants|group
DDI-DrugBank.d179.s34|13-26|Anticoagulants|group
DDI-DrugBank.d179.s35|0-7|ethotoin|drug
DDI-DrugBank.d179.s35|16-23|Peganone|brand
DDI-DrugBank.d179.s36|14-26| Mephenytoin |drug
DDI-DrugBank.d179.s36|35-45| Mesantoin |brand
DDI-DrugBank.d179.s37|11-23|Antidiabetics|group
DDI-DrugBank.d179.s37|32-66|diabetes medicine you take by mouth|drug
DDI-DrugBank.d179.s37|86-98|antidiabetics|group
DDI-DrugBank.d179.s37|105-117|sulfapyridine|brand
DDI-DrugBank.d179.s37|211-223|antidiabetics|group
DDI-DrugBank.d179.s38|1-12|methotrexate|drug
DDI-DrugBank.d179.s40|25-32|Dilantin|brand
DDI-DrugBank.d179.s40|158-166|phenytoin|drug
DDI-DrugBank.d639.s0|85-96|ketoconazole|brand
DDI-DrugBank.d639.s0|99-110|itraconazole|brand
DDI-DrugBank.d639.s0|113-126|clarithromycin|brand
DDI-DrugBank.d639.s0|129-138|atazanavir|brand
DDI-DrugBank.d639.s0|141-149|indinavir|brand
DDI-DrugBank.d639.s0|152-161|nefazodone|brand
DDI-DrugBank.d639.s0|164-173|nelfinavir|brand
DDI-DrugBank.d639.s0|176-184|ritonavir|brand
DDI-DrugBank.d639.s0|187-197|squibinavir|brand
DDI-DrugBank.d639.s0|200-212|telithromycin|brand
DDI-DrugBank.d639.s0|215-226|voriconazole|brand
DDI-DrugBank.d639.s1|62-67|Sutent|group
DDI-DrugBank.d639.s2|27-32|SUTENT|brand
DDI-DrugBank.d639.s2|76-178|dexamethasone, phenytoin, carbamazepine, rifampin, rifabutin, rifapentin, phenobarbital, St. Johns Wort|group
DDI-DrugBank.d639.s4|15-24|Johns Wort|drug
DDI-DrugBank.d639.s4|30-35|SUTENT|group
DDI-DrugBank.d639.s6|0-9|Johns Wort|drug
DDI-DrugBank.d639.s7|77-87|SUNNY VISTA|brand
DDI-DrugBank.d723.s0|39-45|Miochol|brand
DDI-DrugBank.d723.s0|67-88|acetylcholine chloride|drug
DDI-DrugBank.d723.s0|95-103|Carboptic|brand
DDI-DrugBank.d704.s0|0-5|FLOMAX|drug
DDI-DrugBank.d704.s0|8-39|alpha-adrenergic blocking agents|group
DDI-DrugBank.d704.s1|46-51|FloMax|brand
DDI-DrugBank.d704.s2|47-56|cimetidine|group
DDI-DrugBank.d704.s2|62-67|FLOMAX|brand
DDI-DrugBank.d704.s4|2-9|floximax|drug
DDI-DrugBank.d704.s4|15-24|cimetidine|group
DDI-DrugBank.d704.s5|2-9|warfarin|drug
DDI-DrugBank.d704.s6|78-85|warfarin|brand
DDI-DrugBank.d704.s6|91-96|FLOMAX|group
DDI-DrugBank.d658.s0|38-49|testolactone|drug
DDI-DrugBank.d658.s1|1-14|anticoagulants|group
DDI-DrugBank.d658.s2|2-13|testolactone|drug
DDI-DrugBank.d658.s2|70-81|testolactone|drug
DDI-DrugBank.d766.s0|10-21|trimetrexate|drug
DDI-DrugBank.d766.s0|97-100|drug|drug
DDI-DrugBank.d766.s0|150-153|drug|drug
DDI-DrugBank.d766.s0|155-158|drug|drug
DDI-DrugBank.d766.s0|188-199|trimetrexate|drug
DDI-DrugBank.d766.s1|49-60|trimetrexate|drug
DDI-DrugBank.d766.s1|141-152|erythromycin|brand
DDI-DrugBank.d766.s2|56-65|cimetidine|brand
DDI-DrugBank.d766.s2|101-128|antineoplastics>trimetrexate|group
DDI-DrugBank.d766.s2|234-261|antineoplastics>trimetrexate|group
DDI-DrugBank.d766.s3|78-94|antifungal agents|group
DDI-DrugBank.d766.s4|1-7|aspirin|brand
DDI-DrugBank.d766.s4|17-28|glutethimide|drug
DDI-DrugBank.d766.s4|38-51|anticoagulants|group
DDI-DrugBank.d766.s4|60-64|xanax|brand
DDI-DrugBank.d766.s4|113-130|anti-fungal agents|group
DDI-DrugBank.d766.s4|134-145|trimetrexate|drug
DDI-DrugBank.d328.s0|7-16|valdecoxib|drug
DDI-DrugBank.d328.s0|18-25|prodrugs|group
DDI-DrugBank.d328.s0|74-83|valdecoxib|drug
DDI-DrugBank.d328.s0|110-117|prodrugs|group
DDI-DrugBank.d328.s0|144-153|valdecoxib|drug
DDI-DrugBank.d328.s1|47-53|prodrug|brand
DDI-DrugBank.d328.s1|114-123|valdecoxib|group
DDI-DrugBank.d328.s1|128-144|drug interactions|group
DDI-DrugBank.d328.s4|52-58|aspirin|drug
DDI-DrugBank.d328.s5|1-7|aspirin|brand
DDI-DrugBank.d328.s5|92-98|aspirin|brand
DDI-DrugBank.d328.s6|29-38|valdecoxib|brand
DDI-DrugBank.d328.s6|105-149|nonsteroidal anti-inflammatory drugs (NSAIDs)|group
DDI-DrugBank.d328.s6|189-198|valdecoxib|brand
DDI-DrugBank.d328.s6|226-232|aspirin|brand
DDI-DrugBank.d328.s7|1-12|methotrexate|drug
DDI-DrugBank.d328.s7|116-127|methotrexate|drug
DDI-DrugBank.d328.s9|79-84|BEXTRA|brand
DDI-DrugBank.d328.s9|105-118|ACE-inhibitors|group
DDI-DrugBank.d328.s9|318-330|<brand>BEXTRA|drug
DDI-DrugBank.d328.s9|351-364|ACE-inhibitors|group
DDI-DrugBank.d328.s10|134-143|furosemide|drug
DDI-DrugBank.d328.s12|6-20|Anticonvulsants|group
DDI-DrugBank.d328.s12|224-232|Phenytoin|group
DDI-DrugBank.d328.s12|236-244|Phenytoin|drug_n
DDI-DrugBank.d328.s13|432-446|anticonvulsants|group
DDI-DrugBank.d328.s15|58-74| anticonvulsants |drug
DDI-DrugBank.d328.s16|7-13|beextra|drug
DDI-DrugBank.d328.s16|15-29|anticonvulsants|group
DDI-DrugBank.d328.s16|101-107|beextra|drug
DDI-DrugBank.d328.s16|160-173|anticonvulsant|group
DDI-DrugBank.d328.s18|29-38|valdecoxib|brand
DDI-DrugBank.d328.s18|165-174|valdecoxib|brand
DDI-DrugBank.d328.s19|16-18|CYP|group
DDI-DrugBank.d328.s20|2-8|Lithium|drug
DDI-DrugBank.d328.s20|78-84|Lithium|drug
DDI-DrugBank.d328.s20|179-185|Lithium|drug
DDI-DrugBank.d328.s21|2-8|lithium|drug
DDI-DrugBank.d328.s23|19-26|warfarin|drug
DDI-DrugBank.d328.s23|43-52|valdecoxib|brand
DDI-DrugBank.d328.s23|85-92|warfarin|drug
DDI-DrugBank.d328.s23|95-102|warfarin|drug
DDI-DrugBank.d328.s24|14-220| caused a statistically significant increase in plasma exposures of R-warfarin and S-warfarin (12% and 15%, respectively), and in the pharmacodynamic effects (prothrombin time, measured as INR) of warfarin. |brand
DDI-DrugBank.d328.s25|11-20|valdecoxib|brand
DDI-DrugBank.d328.s25|87-102|COX-2 inhibitors|group
DDI-DrugBank.d328.s26|118-123|BEXTRA|brand
DDI-DrugBank.d328.s28|50-59|valdecoxib|brand
DDI-DrugBank.d328.s28|90-101|ketoconazole|group
DDI-DrugBank.d328.s28|107-117|fluconazole|group
DDI-DrugBank.d328.s28|166-175|valdecoxib|brand
DDI-DrugBank.d328.s29|40-49|valdecoxib|brand
DDI-DrugBank.d328.s29|94-110|antifungal agents|group
DDI-DrugBank.d328.s29|113-123|fluconazole|group
DDI-DrugBank.d328.s29|159-175|antifungal agents|group
DDI-DrugBank.d328.s29|178-189|ketoconazole|group
DDI-DrugBank.d328.s30|35-51|CYP 2C9 substrate|group
DDI-DrugBank.d328.s32|27-36|valdecoxib|brand
DDI-DrugBank.d328.s32|98-106|glyburide|brand
DDI-DrugBank.d328.s33|2-11|valdecoxib|drug
DDI-DrugBank.d328.s33|59-72|anticoagulants|group
DDI-DrugBank.d328.s33|76-84|glyburide|brand
DDI-DrugBank.d328.s33|111-120|valdecoxib|drug
DDI-DrugBank.d328.s34|0-6|Insulin|drug
DDI-DrugBank.d328.s35|57-66|valdecoxib|brand
DDI-DrugBank.d328.s35|207-215|glyburide|brand
DDI-DrugBank.d328.s35|246-255|valdecoxib|brand
DDI-DrugBank.d328.s36|0-8|glyburide|drug
DDI-DrugBank.d328.s36|30-39|valdecoxib|drug
DDI-DrugBank.d328.s36|71-80|valdecoxib|drug
DDI-DrugBank.d328.s37|12-21|Omeprazole|drug
DDI-DrugBank.d328.s40|110-119|omeprazole|brand
DDI-DrugBank.d328.s40|125-130|coxibs|group
DDI-DrugBank.d328.s40|137-146|valdecoxib|brand
DDI-DrugBank.d328.s41|58-67|omeprazole|drug
DDI-DrugBank.d328.s41|86-102|Zollinger-Ellison|group
DDI-DrugBank.d328.s41|105-106|ZE|group
DDI-DrugBank.d328.s41|142-151|omeprazole|drug
DDI-DrugBank.d328.s43|7-16|Valdecoxib|drug
DDI-DrugBank.d328.s43|18-33|Ortho-Novum 1/35|brand
DDI-DrugBank.d328.s43|35-47|norethindrone|drug_n
DDI-DrugBank.d328.s43|49-65|ethinyl estradiol|drug_n
DDI-DrugBank.d328.s44|27-36|valdecoxib|brand
DDI-DrugBank.d328.s44|42-57|Ortho-Novum 1/35|brand
DDI-DrugBank.d328.s44|86-98|norethindrone|drug
DDI-DrugBank.d328.s44|104-120|ethinyl estradiol|drug
DDI-DrugBank.d328.s45|48-66|oral contraceptives|brand
DDI-DrugBank.d328.s46|35-47|norethindrone|brand
DDI-DrugBank.d328.s46|53-69|ethinyl estradiol|brand
DDI-DrugBank.d328.s46|160-169|valdecoxib|group
DDI-DrugBank.d328.s47|2-11| Diazepam |drug
DDI-DrugBank.d328.s47|14-21|Diazepam|drug
DDI-DrugBank.d328.s47|24-29|Valium|brand
DDI-DrugBank.d328.s49|37-44|diazepam|brand
DDI-DrugBank.d328.s49|236-243|diazepam|brand
DDI-DrugBank.d328.s50|132-145|anticoagulants|group
DDI-DrugBank.d782.s0|9-17|Vindesine|drug
DDI-DrugBank.d782.s0|327-335|Phenytoin|drug
DDI-DrugBank.d782.s0|547-567|Antineoplastic agents|group
DDI-DrugBank.d759.s0|144-161|bishydroxycoumarin|brand
